date,market_name,daily_change_pct
2024-01-02,ADX,-0.83
2024-01-02,DFM,-0.13
2024-01-02,KSE,-1.0
2024-01-02,QSE,-1.13
2024-01-02,TASI,0.7147945009736478
2024-01-03,ADX,1.330631325009679
2024-01-03,DFM,-0.32925288128964336
2024-01-03,KSE,0.5071334577676279
2024-01-03,QSE,-3.015376627451549
2024-01-03,TASI,-1.6018247705877897
2024-01-04,ADX,-0.6732533855659639
2024-01-04,DFM,0.2396028958450147
2024-01-04,KSE,0.25084565390902647
2024-01-04,QSE,0.4649725374451519
2024-01-04,TASI,1.8154296607791442
2024-01-05,ADX,0.11036155065751174
2024-01-05,DFM,0.015655620006693738
2024-01-07,KSE,1.0506802556563777
2024-01-07,QSE,0.09574797781253253
2024-01-07,TASI,1.1495671029139842
2024-01-08,ADX,0.5261496260642318
2024-01-08,DFM,0.03448883191985441
2024-01-08,KSE,0.7376741658796648
2024-01-08,QSE,0.3763998754557685
2024-01-08,TASI,-0.2687058290582134
2024-01-09,ADX,0.5706589453003508
2024-01-09,DFM,0.6925294833601381
2024-01-09,KSE,1.028160766022146
2024-01-09,QSE,-0.6355999623929853
2024-01-09,TASI,-0.4444085466250969
2024-01-10,ADX,0.30459711272652346
2024-01-10,DFM,0.2987041227327847
2024-01-10,KSE,-0.29046191707406965
2024-01-10,QSE,0.272263686541363
2024-01-10,TASI,-0.49772043875084826
2024-01-11,ADX,0.4894480312348515
2024-01-11,DFM,-0.291524011990274
2024-01-11,KSE,1.16051520092606
2024-01-11,QSE,0.1997179498445023
2024-01-11,TASI,-0.17146552508580104
2024-01-12,ADX,-0.5438459272502083
2024-01-12,DFM,-0.3368180515689545
2024-01-14,KSE,-0.16118543760774706
2024-01-14,QSE,0.42146469487174265
2024-01-14,TASI,-0.46268640234079506
2024-01-15,ADX,-0.1377773420105477
2024-01-15,DFM,-0.06870917369927731
2024-01-15,KSE,0.8182101621146742
2024-01-15,QSE,0.22731628814174343
2024-01-15,TASI,0.5147590715423034
2024-01-16,ADX,-0.16680865686814483
2024-01-16,DFM,-0.4620473070668041
2024-01-16,KSE,-0.30687405393020617
2024-01-16,QSE,-0.3363534635114629
2024-01-16,TASI,-0.36734775159282806
2024-01-17,ADX,-0.38006999024726706
2024-01-17,DFM,0.20330986141992025
2024-01-17,KSE,-0.19993770784980658
2024-01-17,QSE,-0.9181449554507282
2024-01-17,TASI,-0.12072037510229006
2024-01-18,ADX,-0.05028660278518782
2024-01-18,DFM,-0.9255251238320938
2024-01-18,KSE,-0.30956791366327785
2024-01-18,QSE,-0.7996571863623014
2024-01-18,TASI,-0.8615576556412208
2024-01-19,ADX,-0.07171246696031641
2024-01-19,DFM,0.7138309999555892
2024-01-21,KSE,0.3574872884993141
2024-01-21,QSE,-0.27241988319466337
2024-01-21,TASI,0.3728542343295782
2024-01-22,ADX,-0.3289609159425
2024-01-22,DFM,-0.011514781794885742
2024-01-22,KSE,0.4158344108635248
2024-01-22,QSE,0.7670055260660114
2024-01-22,TASI,0.888563140099552
2024-01-23,ADX,-0.2800489646659021
2024-01-23,DFM,0.6439219452911482
2024-01-23,KSE,0.5754483712330893
2024-01-23,QSE,-0.07010519521002401
2024-01-23,TASI,-0.04120617685067218
2024-01-24,ADX,0.02082180882472251
2024-01-24,DFM,1.8003612885634013
2024-01-24,KSE,0.359932646513772
2024-01-24,QSE,0.10422213622662824
2024-01-24,TASI,0.5687544200054573
2024-01-25,ADX,-0.2972445328237816
2024-01-25,DFM,-0.18941663149960597
2024-01-25,KSE,0.05584387541603952
2024-01-25,QSE,-0.2462140065537577
2024-01-25,TASI,-0.10366283651949137
2024-01-26,ADX,-0.6125703126217297
2024-01-26,DFM,-0.24486828933968363
2024-01-28,KSE,-0.1581360044054847
2024-01-28,QSE,-0.003283869191927913
2024-01-28,TASI,0.8437264904741282
2024-01-29,ADX,-0.17705441653567133
2024-01-29,DFM,0.1743724332596175
2024-01-29,KSE,-0.43404104135067456
2024-01-29,QSE,-1.886783973650863
2024-01-29,TASI,-0.0926299952840659
2024-01-30,ADX,-0.3341102364842974
2024-01-30,DFM,-0.05178164488869319
2024-01-30,KSE,0.21247687146210836
2024-01-30,QSE,-0.4148953989815074
2024-01-30,TASI,-2.177785411763855
2024-01-31,ADX,-0.11041272929551704
2024-01-31,DFM,0.01559100113994738
2024-01-31,KSE,-0.9035087064026337
2024-01-31,QSE,-0.20435692662976734
2024-01-31,TASI,-1.579678613737856
2024-02-01,ADX,-0.404908543254745
2024-02-01,DFM,1.2297676890400622
2024-02-01,KSE,-0.5183775260853452
2024-02-01,QSE,-0.3948757008508941
2024-02-01,TASI,0.9974043518988562
2024-02-02,ADX,-0.1432973382809788
2024-02-02,DFM,0.1988010425959752
2024-02-04,KSE,-0.6704815115575524
2024-02-04,QSE,-0.08826631394371898
2024-02-04,TASI,0.40648414634862906
2024-02-05,ADX,-0.3000132187706672
2024-02-05,DFM,0.046349501442533025
2024-02-05,KSE,0.8593660601899478
2024-02-05,QSE,-1.523634772334126
2024-02-05,TASI,0.519869240102655
2024-02-06,ADX,-1.0162411910206726
2024-02-06,DFM,-1.8190842262942652
2024-02-06,KSE,0.23661582640945866
2024-02-06,QSE,0.1387680040529471
2024-02-06,TASI,0.38669727446281055
2024-02-07,ADX,0.24238995206851133
2024-02-07,DFM,0.19740522048057318
2024-02-07,KSE,0.12739798728786944
2024-02-07,QSE,0.8979601070796317
2024-02-07,TASI,0.7830029667950544
2024-02-08,ADX,0.08455651657082175
2024-02-08,DFM,-0.06823260470437686
2024-02-08,QSE,-0.294684570774173
2024-02-08,TASI,0.30289999127646183
2024-02-09,ADX,-0.1981287249268493
2024-02-09,DFM,0.5953162800770517
2024-02-11,KSE,1.2123206545426202
2024-02-11,QSE,0.8391960235887952
2024-02-11,TASI,0.051457945202870725
2024-02-12,ADX,-0.21254167090286602
2024-02-12,DFM,0.6477296240249286
2024-02-12,KSE,0.26631555042062605
2024-02-12,QSE,0.48684775130942715
2024-02-12,TASI,0.7113619135744154
2024-02-13,ADX,0.28989113263455657
2024-02-13,DFM,0.1982944506715656
2024-02-13,KSE,-0.13094756280346287
2024-02-13,TASI,0.88386787340069
2024-02-14,ADX,0.4684950199011606
2024-02-14,DFM,0.09882895310302509
2024-02-14,KSE,-0.3475032191141647
2024-02-14,QSE,1.1797003254788496
2024-02-14,TASI,0.2755407518594488
2024-02-15,ADX,0.10590705937074674
2024-02-15,DFM,0.366290357714516
2024-02-15,KSE,-0.01890323904513158
2024-02-15,QSE,-0.5654017928529376
2024-02-15,TASI,0.3683668227793646
2024-02-16,ADX,0.2342376060342488
2024-02-16,DFM,0.46779506869412124
2024-02-18,KSE,-0.4938161038780198
2024-02-18,QSE,0.5606439575993605
2024-02-18,TASI,0.13945352053137405
2024-02-19,ADX,-0.17640800211309315
2024-02-19,DFM,0.33296391609634046
2024-02-19,KSE,0.7632757605569251
2024-02-19,QSE,0.8652013011824833
2024-02-19,TASI,0.7404439289713682
2024-02-20,ADX,-0.10732829067474636
2024-02-20,DFM,0.10297077435783564
2024-02-20,KSE,0.5711598987196087
2024-02-20,QSE,0.08437445551126022
2024-02-20,TASI,0.09472097670533142
2024-02-21,ADX,-0.1190390073487202
2024-02-21,DFM,-0.5229791395388594
2024-02-21,KSE,0.35056859462947454
2024-02-21,QSE,0.5504229901678537
2024-02-21,TASI,0.22075992543528766
2024-02-22,ADX,-0.78388853445861
2024-02-22,DFM,-0.6058815364604175
2024-02-22,KSE,-0.08825789004640594
2024-02-22,QSE,-0.5980600238460587
2024-02-23,ADX,-0.38162243746705515
2024-02-23,DFM,-0.07826757243077909
2024-02-25,QSE,1.038991598002359
2024-02-25,TASI,-0.23539277321873442
2024-02-26,ADX,-0.20840651986974157
2024-02-26,DFM,-0.06270617058393713
2024-02-26,QSE,0.373184608690047
2024-02-26,TASI,-0.5778053959360152
2024-02-27,ADX,0.29371746971036394
2024-02-27,DFM,1.1673426863197722
2024-02-27,KSE,0.3649082746580712
2024-02-27,QSE,0.45746158851203145
2024-02-27,TASI,0.5569050246239327
2024-02-28,ADX,-0.04845065569887286
2024-02-28,DFM,0.4173175465385981
2024-02-28,KSE,-0.3328131722918015
2024-02-28,QSE,-0.09374922239245853
2024-02-28,TASI,0.07832449307147993
2024-02-29,ADX,-0.3068951773614992
2024-02-29,DFM,0.42863570193401035
2024-02-29,KSE,0.34966755139240746
2024-02-29,QSE,-0.11623232795461291
2024-02-29,TASI,0.15414997006006903
2024-03-01,ADX,0.26040512987302034
2024-03-01,DFM,1.110291336042546
2024-03-03,KSE,-0.04056864742169042
2024-03-03,TASI,-0.5990106580546217
2024-03-04,ADX,0.07199121448533408
2024-03-04,DFM,-0.6883746924414846
2024-03-04,KSE,-0.06670181590788804
2024-03-04,QSE,-0.017854091006908046
2024-03-04,TASI,-0.9606409940002392
2024-03-05,ADX,-0.5308224894702507
2024-03-05,DFM,-1.8679777316247481
2024-03-05,KSE,-0.010797201561674186
2024-03-05,QSE,-0.8449332762979989
2024-03-05,TASI,0.2859812874567158
2024-03-06,ADX,-0.11974491950239585
2024-03-06,DFM,0.05888172117771706
2024-03-06,KSE,-0.4958659431760437
2024-03-06,QSE,-0.7802967057849775
2024-03-06,TASI,0.7357569640860095
2024-03-07,ADX,0.006395497569711139
2024-03-07,DFM,-0.2664548297650837
2024-03-07,KSE,0.01874467410780678
2024-03-07,QSE,-0.7114054571353057
2024-03-07,TASI,0.1272060714635037
2024-03-08,ADX,0.09365011061335249
2024-03-08,DFM,0.3799899928722983
2024-03-10,KSE,0.3795085130491538
2024-03-10,QSE,0.04770083285698945
2024-03-10,TASI,0.3239035538890711
2024-03-11,ADX,-0.02414865173636649
2024-03-11,DFM,-0.11709161085399211
2024-03-11,KSE,0.22993955488517237
2024-03-11,QSE,-0.43291811249202006
2024-03-11,TASI,-0.49847288769713227
2024-03-12,ADX,-0.03899378698993816
2024-03-12,DFM,0.10992914220644412
2024-03-12,KSE,0.4329662168703674
2024-03-12,QSE,-0.0013698643579140857
2024-03-12,TASI,0.46369862812403184
2024-03-13,ADX,0.16437958355728366
2024-03-13,DFM,0.1521408399701718
2024-03-13,KSE,-0.29687675404986846
2024-03-13,QSE,0.014518209750380429
2024-03-13,TASI,0.8657881402388767
2024-03-14,ADX,0.1217030639963479
2024-03-14,DFM,0.7301677890812375
2024-03-14,KSE,-0.264227468152578
2024-03-14,QSE,0.6271495813647388
2024-03-14,TASI,0.04228433863360248
2024-03-15,ADX,-0.3640170890301997
2024-03-15,DFM,-0.6493611531655397
2024-03-17,KSE,-0.02380543352884512
2024-03-17,QSE,0.018824986594734305
2024-03-17,TASI,0.2663261130784411
2024-03-18,ADX,0.7315615792447216
2024-03-18,DFM,0.3026383701507207
2024-03-18,KSE,-0.36747648960534507
2024-03-18,QSE,0.019201635253640603
2024-03-18,TASI,0.07859240157066516
2024-03-19,ADX,-0.31995418152770405
2024-03-19,DFM,-0.06128344290527998
2024-03-19,KSE,-0.5348924302003621
2024-03-19,QSE,-0.31510971661440346
2024-03-19,TASI,0.24693755157580988
2024-03-20,ADX,0.11178180192263909
2024-03-20,DFM,0.43555689697325484
2024-03-20,KSE,0.08657311650834831
2024-03-20,QSE,-0.23622406545977803
2024-03-20,TASI,-0.5050757575757681
2024-03-21,ADX,0.17412017528530832
2024-03-21,DFM,-0.3206481771404368
2024-03-21,KSE,0.44635067794072114
2024-03-21,QSE,0.0760496929472998
2024-03-21,TASI,0.7560860676653736
2024-03-22,ADX,0.3875893857155033
2024-03-22,DFM,0.06405913732336899
2024-03-24,KSE,0.02451596371144671
2024-03-24,QSE,0.03457275529974435
2024-03-24,TASI,-0.30820876829117383
2024-03-25,ADX,-0.022528345486128032
2024-03-25,DFM,0.02802808116093569
2024-03-25,KSE,-0.33969073117259274
2024-03-25,QSE,-1.1950395261753788
2024-03-25,TASI,-1.0874368824764002
2024-03-26,ADX,-0.011052106928599592
2024-03-26,DFM,-0.824930262401713
2024-03-26,KSE,0.04498508942023527
2024-03-26,QSE,-0.6596870403011157
2024-03-26,TASI,-0.5641205357970969
2024-03-27,ADX,-0.486131828649794
2024-03-27,DFM,-0.34006636475177876
2024-03-27,KSE,-0.2675656344924948
2024-03-27,QSE,-0.6791255095849991
2024-03-27,TASI,0.17830383122217075
2024-03-28,ADX,-0.0992110564252191
2024-03-28,DFM,0.027172898466143458
2024-03-28,KSE,0.10453889552921591
2024-03-28,QSE,-0.14460118326053983
2024-03-28,TASI,-0.33384331455778016
2024-03-29,ADX,-0.3871994265950973
2024-03-29,DFM,0.3149135190886998
2024-03-31,KSE,-0.560505519061516
2024-03-31,QSE,-0.9705810678181881
2024-03-31,TASI,-1.307746647718444
2024-04-01,ADX,0.18378667741645316
2024-04-01,DFM,0.4008223688083845
2024-04-01,KSE,0.47494677535153684
2024-04-01,QSE,0.175793895696974
2024-04-01,TASI,0.17296372949737737
2024-04-02,ADX,0.08177348959714781
2024-04-02,DFM,0.1433142010043964
2024-04-02,KSE,0.17820742402965273
2024-04-02,QSE,-0.7089090840930456
2024-04-02,TASI,0.4312964479831649
2024-04-03,ADX,-0.4661387435545339
2024-04-03,DFM,-0.6874525855495639
2024-04-03,KSE,-1.3929597923169723
2024-04-03,QSE,-1.0470264349395464
2024-04-03,TASI,1.1672251980264559
2024-04-04,ADX,0.3246654534240667
2024-04-04,DFM,0.15613260014069041
2024-04-04,QSE,1.2832336165211844
2024-04-04,TASI,0.6591566457997855
2024-04-05,ADX,-0.022945262560891688
2024-04-05,DFM,-0.059340614159808514
2024-04-07,KSE,-1.2990546061778407
2024-04-07,QSE,0.9561688407275337
2024-04-08,KSE,-0.17172724328237132
2024-04-08,QSE,0.1412691593017934
2024-04-14,KSE,-1.0054164233284202
2024-04-14,QSE,-0.8040962498771509
2024-04-14,TASI,-0.3031737660240563
2024-04-15,ADX,0.17840788285703457
2024-04-15,DFM,-0.008720238651327428
2024-04-15,KSE,0.034831069313834284
2024-04-15,QSE,0.782272254071481
2024-04-15,TASI,0.32714712116943545
2024-04-16,ADX,-0.6421187541469697
2024-04-16,DFM,-1.4013380241830742
2024-04-16,KSE,-2.747998232071458
2024-04-16,QSE,-0.6875048437110509
2024-04-16,TASI,-1.6360130691500663
2024-04-17,ADX,-0.31682604042494455
2024-04-17,DFM,-0.27196598072403155
2024-04-17,KSE,-0.5233022073550253
2024-04-17,QSE,0.0009113827257101192
2024-04-17,TASI,-0.2755841265200787
2024-04-18,ADX,0.1885394629025594
2024-04-18,DFM,0.8444833321199496
2024-04-18,KSE,1.5055188634766958
2024-04-18,QSE,-0.24337655088422228
2024-04-18,TASI,0.2917468064385309
2024-04-19,ADX,-0.613887113162348
2024-04-19,DFM,-0.798679730112617
2024-04-21,KSE,0.8937601645429449
2024-04-21,QSE,-0.3749953137412665
2024-04-21,TASI,0.12693693991727706
2024-04-22,ADX,-0.552262193050701
2024-04-22,DFM,-0.1652844811121379
2024-04-22,KSE,0.10867168959838303
2024-04-22,QSE,-1.302537346730026
2024-04-22,TASI,-0.07421183061676606
2024-04-23,ADX,-0.2679683109842901
2024-04-23,DFM,-0.032161931051866155
2024-04-23,KSE,0.0011658514342594017
2024-04-23,QSE,0.4775971725365036
2024-04-23,TASI,-0.19601597089478062
2024-04-24,ADX,-0.0701550481804869
2024-04-24,DFM,0.02424921869894625
2024-04-24,KSE,-0.18692266738516983
2024-04-24,QSE,-0.46482864131824897
2024-04-24,TASI,-1.0310443019566962
2024-04-25,ADX,-0.03891639939281877
2024-04-25,DFM,0.06095029525019502
2024-04-25,KSE,-0.5476721338707913
2024-04-25,QSE,-0.2926800280231068
2024-04-25,TASI,-0.8187328811670391
2024-04-26,ADX,0.00851627659539389
2024-04-26,DFM,-0.5189634084764583
2024-04-28,KSE,-0.1252750178125428
2024-04-28,QSE,0.3070259329775782
2024-04-28,TASI,-0.1876065376410163
2024-04-29,ADX,0.2325740852970659
2024-04-29,DFM,0.2996506943925725
2024-04-29,KSE,0.3794322627176383
2024-04-29,QSE,0.7943371529547383
2024-04-29,TASI,1.1275767401324632
2024-04-30,ADX,0.045347670994377864
2024-04-30,DFM,-0.11753423170678401
2024-04-30,KSE,0.11610682869556133
2024-04-30,QSE,-0.17405534419918656
2024-04-30,TASI,0.20575029144360713
2024-05-01,ADX,-0.3899675982804385
2024-05-01,DFM,-0.5404509874223251
2024-05-01,KSE,-0.4095430020152113
2024-05-01,QSE,-0.18628746523930984
2024-05-01,TASI,-0.3974195795303115
2024-05-02,ADX,-0.08669118672816056
2024-05-02,DFM,0.1816873115811024
2024-05-02,KSE,-0.117101827676247
2024-05-02,QSE,-1.0103091500803574
2024-05-02,TASI,0.0541056953953456
2024-05-03,ADX,0.1459404292665445
2024-05-03,DFM,0.04589429368551112
2024-05-05,KSE,0.2091221704790147
2024-05-05,QSE,0.824593183181288
2024-05-05,TASI,0.16822979819814954
2024-05-06,ADX,-0.024564587160014195
2024-05-06,DFM,0.31693909716614677
2024-05-06,KSE,-0.15494917849545597
2024-05-06,QSE,-0.5282676669009612
2024-05-06,TASI,-0.00493327853924308
2024-05-07,ADX,0.40464052736082223
2024-05-07,DFM,0.010585078610048093
2024-05-07,KSE,-0.12540577258446373
2024-05-07,QSE,-0.21050310055326094
2024-05-07,TASI,-0.1172746009294845
2024-05-08,ADX,1.163172665883283
2024-05-08,DFM,0.8916629975290302
2024-05-08,KSE,0.5796836068039601
2024-05-08,QSE,0.04563775969905759
2024-05-08,TASI,0.8263495790763686
2024-05-09,ADX,-0.6323238090672034
2024-05-09,DFM,-0.3245591156340488
2024-05-09,KSE,0.3498108550599843
2024-05-09,QSE,0.1047494741742927
2024-05-09,TASI,-1.4101014706900172
2024-05-10,ADX,-0.3162547715103159
2024-05-10,DFM,-0.16030182928594705
2024-05-12,KSE,1.6797183277459382
2024-05-12,QSE,0.11335985317197927
2024-05-12,TASI,-0.5483405300158339
2024-05-13,ADX,0.03058174621770604
2024-05-13,DFM,0.005746410290830006
2024-05-13,KSE,0.46110376873951253
2024-05-13,QSE,0.25673789605100694
2024-05-13,TASI,0.34828211963251476
2024-05-14,ADX,-0.381715067462729
2024-05-14,DFM,-0.8729273316397501
2024-05-14,KSE,-0.14411543443317854
2024-05-14,QSE,-0.23208243383039395
2024-05-14,TASI,-1.131271856545779
2024-05-15,ADX,-0.40845794980604033
2024-05-15,DFM,-1.0539444008377252
2024-05-15,KSE,-0.3529317601741022
2024-05-15,QSE,-0.1857700527321482
2024-05-15,TASI,-0.14611113940932174
2024-05-16,ADX,0.19786154347523066
2024-05-16,DFM,-0.18249557197824728
2024-05-16,KSE,-0.20207995736559736
2024-05-16,QSE,0.7703274173243457
2024-05-16,TASI,0.7869009718603159
2024-05-17,ADX,0.02588693163527722
2024-05-17,DFM,-0.42953854588353435
2024-05-19,KSE,0.21743629576447265
2024-05-19,QSE,0.05441157962682297
2024-05-19,TASI,-0.0004959650415581329
2024-05-20,ADX,-0.04291252149772884
2024-05-20,DFM,-0.025318135896945648
2024-05-20,KSE,-0.42424087907606545
2024-05-20,QSE,-0.3156190867196207
2024-05-20,TASI,-0.5985999829370758
2024-05-21,ADX,-0.3223140221537024
2024-05-21,DFM,0.19620131785995643
2024-05-21,KSE,-0.2555265947368657
2024-05-21,QSE,0.4047660669882269
2024-05-21,TASI,-0.02375104660806704
2024-05-22,ADX,-0.39573120915031845
2024-05-22,DFM,-0.4247616160454659
2024-05-22,KSE,0.09536204205684573
2024-05-22,QSE,-0.08624441067819344
2024-05-22,TASI,0.2850060266131216
2024-05-23,ADX,-0.9275614928802911
2024-05-23,DFM,-0.843550906176127
2024-05-23,KSE,-0.18451580309253313
2024-05-23,QSE,-1.5020704658857187
2024-05-23,TASI,-1.3246664360127558
2024-05-24,ADX,-0.6328629794280172
2024-05-24,DFM,-0.27313577440168935
2024-05-26,KSE,-0.021581624788025167
2024-05-26,QSE,-1.7367378740214323
2024-05-26,TASI,-1.2116598761476083
2024-05-27,ADX,-0.03226354219731942
2024-05-27,DFM,0.3690852770384945
2024-05-27,KSE,-0.7683688993051274
2024-05-27,QSE,-0.6777375856798273
2024-05-27,TASI,-0.16387216770984425
2024-05-28,ADX,-1.0013985380464718
2024-05-28,DFM,-1.0073371305984402
2024-05-28,KSE,-0.3922091644093184
2024-05-28,QSE,0.47672998992669413
2024-05-28,TASI,-1.4476892859998203
2024-05-29,ADX,-0.35757507818380274
2024-05-29,DFM,-0.6794744946430509
2024-05-29,KSE,0.1908320041390299
2024-05-29,QSE,-1.0433118589905255
2024-05-29,TASI,0.3136328209705219
2024-05-30,ADX,0.47342657984885683
2024-05-30,DFM,0.28309510581343567
2024-05-30,KSE,-0.32060472460559986
2024-05-30,QSE,0.43161531474913417
2024-05-30,TASI,-1.6502324479734987
2024-05-31,ADX,1.2611686204611283
2024-05-31,DFM,0.1742604526304259
2024-06-02,KSE,0.18496342384088926
2024-06-02,QSE,0.7119850934955041
2024-06-02,TASI,1.0571522023811397
2024-06-03,ADX,0.6209252836081758
2024-06-03,DFM,0.379596935582005
2024-06-03,KSE,-0.7705789801229379
2024-06-03,QSE,0.2457985446452149
2024-06-03,TASI,1.5754738135749013
2024-06-04,ADX,0.01009239022562447
2024-06-04,DFM,-0.17680808809351634
2024-06-04,KSE,0.19509001636661694
2024-06-04,QSE,0.588936442125676
2024-06-04,TASI,-1.66171701988016
2024-06-05,ADX,0.33166975201015525
2024-06-05,DFM,-0.14174466942801223
2024-06-05,KSE,0.19823846113637966
2024-06-05,QSE,0.2908971312413522
2024-06-05,TASI,-0.5069750808349149
2024-06-06,ADX,-0.11589065375964269
2024-06-06,DFM,-0.03944657616857805
2024-06-06,KSE,0.02230172010166953
2024-06-06,QSE,0.43144258101495137
2024-06-06,TASI,0.06257508659839317
2024-06-07,ADX,0.21739325018013123
2024-06-07,DFM,0.08796732642162297
2024-06-09,KSE,0.1400392214132351
2024-06-09,QSE,0.40157944524878975
2024-06-09,TASI,2.5494019682519964
2024-06-10,ADX,0.36339683939647927
2024-06-10,DFM,-0.21922280118024107
2024-06-10,KSE,0.025130142890250617
2024-06-10,QSE,0.35274153262756514
2024-06-10,TASI,-0.010882226790565053
2024-06-11,ADX,0.11335194722847941
2024-06-11,DFM,0.8911468924278854
2024-06-11,KSE,-0.2615221395609213
2024-06-11,QSE,0.28267521237186344
2024-06-11,TASI,-0.6609734078725671
2024-06-12,ADX,-0.7763428219678126
2024-06-12,DFM,-0.7420932952706405
2024-06-12,KSE,-0.12111941486793176
2024-06-12,QSE,0.1481633435011176
2024-06-12,TASI,-1.0501500419978882
2024-06-13,ADX,0.5465833223217809
2024-06-13,DFM,0.02337667618395045
2024-06-13,KSE,0.029401848788257468
2024-06-13,QSE,0.21905644364834664
2024-06-13,TASI,-1.3120700152875808
2024-06-14,ADX,-0.5110910887053177
2024-06-14,DFM,0.09220599199002422
2024-06-19,ADX,0.4086000801527767
2024-06-19,DFM,0.11145193760697669
2024-06-19,KSE,-0.42535235922939174
2024-06-19,QSE,0.2054453294713987
2024-06-20,ADX,-0.2185197738097444
2024-06-20,DFM,-0.039869916905288516
2024-06-20,KSE,0.4107700199546871
2024-06-20,QSE,0.15804398296068722
2024-06-21,ADX,0.706493076971193
2024-06-21,DFM,0.6411430366284998
2024-06-23,KSE,-0.3322628103449632
2024-06-23,QSE,0.15223913982373993
2024-06-23,TASI,2.009230476467727
2024-06-24,ADX,0.10262873804374184
2024-06-24,DFM,-0.29759060008599514
2024-06-24,KSE,-0.1067100148790967
2024-06-24,QSE,0.5686954712617043
2024-06-24,TASI,-0.2807313304483583
2024-06-25,ADX,-0.22743595882213086
2024-06-25,DFM,-0.03574526592088345
2024-06-25,KSE,-0.2946190359330192
2024-06-25,QSE,0.5650692665915891
2024-06-25,TASI,0.28835927721884147
2024-06-26,ADX,-0.39980892710346216
2024-06-26,DFM,0.18130347999401053
2024-06-26,KSE,-0.8476405582845126
2024-06-26,QSE,0.44335441492633354
2024-06-26,TASI,-0.6343991329810117
2024-06-27,ADX,0.42695528903691216
2024-06-27,DFM,0.07213802873793362
2024-06-27,KSE,0.5720043116036244
2024-06-27,QSE,0.9176394481680283
2024-06-27,TASI,0.6285887307292182
2024-06-28,ADX,0.6290474662070222
2024-06-28,DFM,0.5248243933588803
2024-06-30,KSE,-0.43042402243853584
2024-06-30,QSE,0.06012405493942552
2024-06-30,TASI,-0.4272951687497528
2024-07-01,ADX,-0.00783601321305838
2024-07-01,DFM,0.6709677419354909
2024-07-01,KSE,-0.052229427703343045
2024-07-01,QSE,0.3908669881442117
2024-07-01,TASI,-0.1795427886467693
2024-07-02,ADX,0.30695296478373546
2024-07-02,DFM,0.15306726086012912
2024-07-02,KSE,-0.020027322041993312
2024-07-02,QSE,-0.004489073348634687
2024-07-02,TASI,-0.44980369438162304
2024-07-03,ADX,0.06602236177393195
2024-07-03,DFM,0.39278902356487677
2024-07-03,KSE,0.42079066725566605
2024-07-03,QSE,0.4705153830470321
2024-07-03,TASI,-0.0938266047191938
2024-07-04,ADX,0.358594783496069
2024-07-04,DFM,-0.3282473812331377
2024-07-04,KSE,0.4253683333091063
2024-07-04,QSE,0.19923406298587576
2024-07-04,TASI,0.5472954231527716
2024-07-05,ADX,0.13619768496806461
2024-07-05,DFM,0.10870869569461483
2024-07-07,QSE,0.4950780338009775
2024-07-07,TASI,0.25689229710974537
2024-07-08,ADX,-0.060620186084281436
2024-07-08,DFM,0.2879437084791103
2024-07-08,KSE,1.1825664190599827
2024-07-08,QSE,0.3339961836402283
2024-07-08,TASI,0.2528914814373673
2024-07-09,ADX,0.03043796731312387
2024-07-09,DFM,-0.08990778939529376
2024-07-09,KSE,0.5825525447834767
2024-07-09,QSE,0.0876195955198833
2024-07-09,TASI,0.52619308754005
2024-07-10,ADX,0.02561265133629309
2024-07-10,DFM,0.04732375578979653
2024-07-10,KSE,-0.2455789329466107
2024-07-10,QSE,-0.040923650389612654
2024-07-10,TASI,0.03616096296670257
2024-07-11,ADX,0.14061465565822218
2024-07-11,DFM,0.2637112704707123
2024-07-11,KSE,0.44105718972455854
2024-07-11,QSE,0.1542070207135593
2024-07-11,TASI,0.07060706546890838
2024-07-12,ADX,-0.09135314108377202
2024-07-12,DFM,0.3165549574918325
2024-07-14,KSE,0.47343476275372165
2024-07-14,QSE,-0.0522664748142998
2024-07-14,TASI,0.7559065406323784
2024-07-15,ADX,0.020562313654015618
2024-07-15,DFM,0.2587665842854747
2024-07-15,KSE,-0.08949022669145767
2024-07-15,QSE,0.23937985854474153
2024-07-15,TASI,0.5567489183944563
2024-07-16,ADX,0.12334851861490748
2024-07-16,DFM,-0.11883681660627143
2024-07-16,KSE,-0.21268146998235649
2024-07-16,QSE,-0.023637986792035548
2024-07-16,TASI,1.1104220710191681
2024-07-17,ADX,0.1346643221458832
2024-07-17,DFM,0.5426190710365653
2024-07-17,KSE,0.09671553527090815
2024-07-17,QSE,-0.41367820973851055
2024-07-17,TASI,0.6393868677914138
2024-07-18,ADX,0.6331509320570694
2024-07-18,DFM,0.9005387273836041
2024-07-18,KSE,-0.1780625406076486
2024-07-18,QSE,-1.1570443577160638
2024-07-18,TASI,0.2525981585986603
2024-07-19,ADX,0.2151416358134428
2024-07-19,DFM,0.2830371580683222
2024-07-21,KSE,-0.48513219336719926
2024-07-21,QSE,0.25861598680152476
2024-07-21,TASI,0.1198639323582773
2024-07-22,ADX,0.3524641668640527
2024-07-22,DFM,-0.04712303378769933
2024-07-22,KSE,0.4523984370041978
2024-07-22,QSE,0.6010779099044905
2024-07-22,TASI,-0.23084538461285442
2024-07-23,ADX,-0.48173709871408565
2024-07-23,DFM,0.8889662598707826
2024-07-23,KSE,0.2104177411036634
2024-07-23,QSE,0.19504816460103047
2024-07-23,TASI,-0.5685516686743886
2024-07-24,ADX,0.31643170728010706
2024-07-24,DFM,0.29647902224729794
2024-07-24,KSE,0.3907456203553039
2024-07-24,QSE,-0.029285769517306548
2024-07-24,TASI,-0.0357687472017143
2024-07-25,ADX,0.43148117761866445
2024-07-25,DFM,0.21283388818733595
2024-07-25,KSE,-0.02370977188635992
2024-07-25,QSE,-0.38559794848609386
2024-07-25,TASI,-0.6197727334704584
2024-07-26,ADX,0.15456698135416502
2024-07-26,DFM,1.0073956321875244
2024-07-28,KSE,0.3768824895780343
2024-07-28,QSE,0.3702541652207181
2024-07-28,TASI,1.2407874134910513
2024-07-29,ADX,0.8332447930249565
2024-07-29,DFM,0.6576674122928283
2024-07-29,KSE,0.21621304072416692
2024-07-29,QSE,0.33761389142392684
2024-07-29,TASI,-0.44375682280848316
2024-07-30,ADX,0.011282080756269686
2024-07-30,DFM,-0.568189757052262
2024-07-30,KSE,-0.07365712734653806
2024-07-30,QSE,-0.19183636309162422
2024-07-30,TASI,-0.4681802277565206
2024-07-31,ADX,-0.6122498933112341
2024-07-31,DFM,-0.3725481673734765
2024-07-31,KSE,0.7406850061022263
2024-07-31,QSE,0.03536588489587711
2024-07-31,TASI,0.3719055133168281
2024-08-01,ADX,0.2957502762620301
2024-08-01,DFM,0.27741710042838985
2024-08-01,KSE,-0.43053521312189647
2024-08-01,QSE,-0.22946312514638967
2024-08-01,TASI,-0.5263561448495158
2024-08-02,ADX,-0.7940998742337002
2024-08-02,DFM,-0.9955933214266244
2024-08-04,KSE,-2.1628741357784476
2024-08-04,QSE,-0.7266994052760212
2024-08-04,TASI,-2.4191890665646643
2024-08-05,ADX,-3.416951852090999
2024-08-05,DFM,-4.516574525005412
2024-08-05,KSE,-1.9708031094142653
2024-08-05,QSE,0.0010002853796375888
2024-08-05,TASI,-2.1261037203516464
2024-08-06,ADX,1.2145266298891677
2024-08-06,DFM,2.25956900218911
2024-08-06,KSE,1.072288326121984
2024-08-06,QSE,-0.08183664479003427
2024-08-06,TASI,1.5185432432291535
2024-08-07,ADX,1.0573896731394417
2024-08-07,DFM,1.4586762183575797
2024-08-07,KSE,0.8424081620340695
2024-08-07,QSE,0.27673997412678286
2024-08-07,TASI,0.43282050365229807
2024-08-08,ADX,0.8213740258438573
2024-08-08,DFM,-0.041213340763157635
2024-08-08,KSE,0.10690875039018888
2024-08-08,QSE,-0.23618388105696164
2024-08-08,TASI,-0.5336014274862633
2024-08-09,ADX,0.5451025052025216
2024-08-09,DFM,-0.018827724391379252
2024-08-11,KSE,0.6618145723929381
2024-08-11,QSE,0.241823100580274
2024-08-11,TASI,0.8962820225018486
2024-08-12,ADX,-0.9742531102272967
2024-08-12,DFM,0.1458851327338806
2024-08-12,KSE,-0.8162148488118137
2024-08-12,QSE,0.16074908326573212
2024-08-12,TASI,-0.26360020477602664
2024-08-13,ADX,-0.43190778443245037
2024-08-13,DFM,-0.39916501438851393
2024-08-13,KSE,-0.8416702235084728
2024-08-13,QSE,-0.21914159872579164
2024-08-13,TASI,0.4785046074325505
2024-08-14,ADX,0.5501829401872493
2024-08-14,DFM,0.6911196080774173
2024-08-14,KSE,1.261017002535425
2024-08-14,QSE,0.3653891071593085
2024-08-14,TASI,0.4476673490132477
2024-08-15,ADX,0.12291870131080351
2024-08-15,DFM,0.12484632732663314
2024-08-15,KSE,0.21370816717707353
2024-08-15,QSE,0.17084643812259603
2024-08-15,TASI,0.5516542496477372
2024-08-16,ADX,0.5313442207655061
2024-08-16,DFM,0.5797998151175321
2024-08-18,KSE,0.42081467859536037
2024-08-18,QSE,0.09777719249903782
2024-08-18,TASI,0.5571195246470317
2024-08-19,ADX,0.2081621532560085
2024-08-19,DFM,-0.13245143614275534
2024-08-19,KSE,-0.10740280947205694
2024-08-19,QSE,0.20107701839127134
2024-08-19,TASI,0.347454376034384
2024-08-20,ADX,0.12283243206065997
2024-08-20,DFM,0.40943995544562295
2024-08-20,KSE,-0.11074125737093876
2024-08-20,QSE,0.027770474854138527
2024-08-20,TASI,0.6719603792398221
2024-08-21,ADX,0.33080062983066316
2024-08-21,DFM,0.9407995792868107
2024-08-21,KSE,0.271933073747177
2024-08-21,QSE,-0.388737773464054
2024-08-21,TASI,0.6908570841885453
2024-08-22,ADX,0.24701501239354773
2024-08-22,DFM,0.330163690194496
2024-08-22,KSE,0.41252107654485837
2024-08-22,QSE,0.03488755860328041
2024-08-22,TASI,0.057348383012412185
2024-08-23,ADX,0.034896005634577065
2024-08-23,DFM,-0.38082838144504194
2024-08-25,KSE,-0.48465970633287947
2024-08-25,QSE,-0.17070991885650422
2024-08-25,TASI,0.5593529314454004
2024-08-26,ADX,-0.18700721252573604
2024-08-26,DFM,0.7473227792335058
2024-08-26,KSE,0.44528655742097634
2024-08-26,QSE,1.1625498507960685
2024-08-26,TASI,-0.011905267117207075
2024-08-27,ADX,-0.24004856548004438
2024-08-27,DFM,0.42708133418116745
2024-08-27,KSE,0.5300002180015362
2024-08-27,QSE,-0.3349304285193866
2024-08-27,TASI,-0.6441427491679419
2024-08-28,ADX,-0.482645131015913
2024-08-28,DFM,-0.4379239164525761
2024-08-28,KSE,-0.25307930158275926
2024-08-28,QSE,-0.5062545428969445
2024-08-28,TASI,-0.5339741502524253
2024-08-29,ADX,-0.6068513811601672
2024-08-29,DFM,0.2326349274947903
2024-08-29,KSE,0.031203642130028797
2024-08-29,QSE,0.651572100760256
2024-08-29,TASI,0.23107743219890065
2024-08-30,ADX,0.5672316237316677
2024-08-30,DFM,-0.2032550056182525
2024-09-01,KSE,-0.21132594566123375
2024-09-01,QSE,0.26864738352490036
2024-09-01,TASI,0.36434295618108514
2024-09-02,ADX,0.8412556691326678
2024-09-02,DFM,0.7240818539536065
2024-09-02,KSE,-0.028185217878140545
2024-09-02,QSE,1.114024288002513
2024-09-02,TASI,-0.1799161507566871
2024-09-03,ADX,0.17141868452981157
2024-09-03,DFM,0.2997656520770997
2024-09-03,KSE,0.3142256298929391
2024-09-03,QSE,0.3770148580298782
2024-09-03,TASI,0.10602368707768317
2024-09-04,ADX,-0.131995747988356
2024-09-04,DFM,-0.11602968271009484
2024-09-04,KSE,-0.44137391844227825
2024-09-04,QSE,-0.6002848830181762
2024-09-04,TASI,-0.4288088093480802
2024-09-05,ADX,1.1810977386937482
2024-09-05,DFM,0.14388420641153754
2024-09-05,KSE,0.33208097232486633
2024-09-05,QSE,0.021611089945161588
2024-09-05,TASI,-0.23622254479986893
2024-09-06,ADX,-0.30905296211807265
2024-09-06,DFM,0.0418687543467966
2024-09-08,KSE,-0.36870968236997204
2024-09-08,QSE,-0.6034957570772992
2024-09-08,TASI,-0.9685565099263438
2024-09-09,ADX,-0.981684051206333
2024-09-09,DFM,-0.31443879387133
2024-09-09,KSE,-0.02169356111999532
2024-09-09,QSE,-0.4431304316301121
2024-09-09,TASI,-0.16190047256203766
2024-09-10,ADX,0.5040992806216726
2024-09-10,DFM,0.650587718379203
2024-09-10,KSE,0.32650116066474943
2024-09-10,QSE,0.5013895581028827
2024-09-10,TASI,0.19810580384000964
2024-09-11,ADX,-0.8480759290653728
2024-09-11,DFM,-0.935847001011969
2024-09-11,KSE,-0.9484174060380823
2024-09-11,QSE,-0.18164818056936038
2024-09-11,TASI,-1.8370447612181762
2024-09-12,ADX,-0.16089724887157208
2024-09-12,DFM,0.42449189044069247
2024-09-12,KSE,0.10956128972241519
2024-09-12,QSE,1.4656366097817175
2024-09-12,TASI,0.6471766845534299
2024-09-13,ADX,0.457684588707008
2024-09-13,DFM,0.3578594469512364
2024-09-15,QSE,0.5840318267557265
2024-09-15,TASI,0.4876483609973947
2024-09-16,ADX,0.41699107624124654
2024-09-16,DFM,0.33672030586895385
2024-09-16,KSE,0.12389590678898443
2024-09-16,QSE,-0.0964695664801396
2024-09-16,TASI,-0.27671319675492967
2024-09-17,ADX,0.4089757394313276
2024-09-17,DFM,-0.0009100754038371406
2024-09-17,KSE,-0.19141432629891098
2024-09-17,QSE,-0.4164031635684351
2024-09-17,TASI,0.1541209201860072
2024-09-18,ADX,-0.05430799207866155
2024-09-18,DFM,-0.1137604607862941
2024-09-18,KSE,0.05217487882900329
2024-09-18,QSE,0.012012935298089111
2024-09-18,TASI,0.2968299564882315
2024-09-19,ADX,0.8238711437088764
2024-09-19,DFM,0.713402545970454
2024-09-19,KSE,0.5564569530012831
2024-09-19,QSE,0.5520501109468112
2024-09-19,TASI,1.3382274774228486
2024-09-20,ADX,-0.6495639048358814
2024-09-20,DFM,0.3358596138884229
2024-09-22,KSE,-0.41577132705377107
2024-09-22,QSE,-0.23967640984977612
2024-09-22,TASI,0.406858352535755
2024-09-23,ADX,0.16146616362116006
2024-09-23,DFM,-0.052069596267456664
2024-09-23,KSE,-0.27455706726647877
2024-09-23,QSE,0.03802733275970471
2024-09-24,ADX,0.07489091630306088
2024-09-24,DFM,0.6179415565431778
2024-09-24,KSE,0.16738510854181765
2024-09-24,QSE,0.45906651702951606
2024-09-24,TASI,1.1443045936780916
2024-09-25,ADX,0.5864178935674813
2024-09-25,DFM,0.6103360783241474
2024-09-25,KSE,0.5768039640755562
2024-09-25,QSE,0.49308546517647933
2024-09-25,TASI,0.6137693412335832
2024-09-26,ADX,-0.025324942125670713
2024-09-26,DFM,0.8447899241157186
2024-09-26,KSE,-0.05722130274687931
2024-09-26,QSE,0.36945149776481667
2024-09-26,TASI,0.24773812710605636
2024-09-27,ADX,-0.4668958050851879
2024-09-27,DFM,-0.11819220383891826
2024-09-29,KSE,-0.631977036755571
2024-09-29,QSE,0.034395358868177794
2024-09-29,TASI,-0.8285745590227322
2024-09-30,ADX,-0.46454504365603944
2024-09-30,DFM,-0.39324880202638024
2024-09-30,KSE,-0.41198303492876454
2024-09-30,QSE,0.2719809598590528
2024-09-30,TASI,-0.3721541542969886
2024-10-01,ADX,-0.21038694009541947
2024-10-01,DFM,-0.5819943687992213
2024-10-01,KSE,0.2069085399391879
2024-10-01,QSE,0.14876546456201734
2024-10-01,TASI,0.22444116192217312
2024-10-02,ADX,-1.0481986378414687
2024-10-02,DFM,-0.8263964424749859
2024-10-02,KSE,-1.2207641232570454
2024-10-02,QSE,-0.5969042039694061
2024-10-02,TASI,-1.7094627348505087
2024-10-03,ADX,-1.0027860540427813
2024-10-03,DFM,-0.9465595560630424
2024-10-03,KSE,-0.6214639657054599
2024-10-03,QSE,-0.9575580671302819
2024-10-03,TASI,-0.7184473175982586
2024-10-04,ADX,-0.36868850217175453
2024-10-04,DFM,0.17302147345203966
2024-10-06,KSE,-1.081637093743193
2024-10-06,QSE,-0.5087331884092605
2024-10-06,TASI,-1.5764112016351195
2024-10-07,ADX,-0.3573074270924126
2024-10-07,DFM,-0.24513543935595905
2024-10-07,KSE,0.43167980503751036
2024-10-07,QSE,0.37773687074325046
2024-10-07,TASI,1.228478278602152
2024-10-08,ADX,1.2216067178530077
2024-10-08,DFM,0.7724645122337392
2024-10-08,KSE,0.4976564086702995
2024-10-08,QSE,0.5823215125011938
2024-10-08,TASI,0.9531091225579713
2024-10-09,ADX,0.25705524851735717
2024-10-09,DFM,-0.1505960713479304
2024-10-09,KSE,0.08374280128915501
2024-10-09,QSE,-0.02292764553702975
2024-10-09,TASI,-0.8301188129054449
2024-10-10,ADX,-0.34214883689864806
2024-10-10,DFM,0.34438858374683523
2024-10-10,KSE,0.027714942577272694
2024-10-10,QSE,-0.004952525216972425
2024-10-10,TASI,0.5608094975085853
2024-10-11,ADX,0.10928843607276306
2024-10-11,DFM,0.07031116040547847
2024-10-13,KSE,-0.08364954797578372
2024-10-13,QSE,-0.1519582307790257
2024-10-13,TASI,0.6252203300894932
2024-10-14,ADX,0.45514131516943834
2024-10-14,DFM,0.32291899785985567
2024-10-14,KSE,-0.10273475154828349
2024-10-14,QSE,-0.14761991266084573
2024-10-14,TASI,-0.9075995860540864
2024-10-15,ADX,-0.21670405599907294
2024-10-15,DFM,0.3265933710735247
2024-10-15,KSE,0.7323082779916223
2024-10-15,QSE,1.571512618438864
2024-10-15,TASI,0.3508458038628648
2024-10-16,ADX,0.24421379210048944
2024-10-16,DFM,0.3519354368288319
2024-10-16,KSE,0.009841848062852598
2024-10-16,QSE,0.8729214422851461
2024-10-16,TASI,0.30862474771031767
2024-10-17,ADX,-0.3051951959696986
2024-10-17,DFM,-0.5937150511098443
2024-10-17,KSE,-0.5853355149469941
2024-10-17,QSE,-0.018347760549020098
2024-10-17,TASI,-1.0901553169092248
2024-10-18,ADX,0.11393622158599737
2024-10-18,DFM,0.23729274059962613
2024-10-20,KSE,-0.4008362523856168
2024-10-20,QSE,-1.102265783357903
2024-10-20,TASI,-0.20575389162280633
2024-10-21,ADX,-0.13598645088284123
2024-10-21,DFM,0.19488728533869626
2024-10-21,KSE,-0.20473636714199994
2024-10-21,QSE,-0.07536441189598397
2024-10-21,TASI,1.0551261613539697
2024-10-22,ADX,-0.30932414453381796
2024-10-22,DFM,-0.2369360155070721
2024-10-22,KSE,-0.23875158680838338
2024-10-22,QSE,-0.319407119566395
2024-10-22,TASI,-0.4273657301440692
2024-10-23,ADX,-0.44904108314939295
2024-10-23,DFM,-0.0707399225325811
2024-10-23,KSE,-0.45681671161181825
2024-10-23,QSE,-1.4936778896853298
2024-10-23,TASI,-0.46182775996588266
2024-10-24,ADX,-0.09766590438735623
2024-10-24,DFM,-0.004253851297864042
2024-10-24,KSE,-0.24122355433012777
2024-10-24,QSE,-0.14190976694117285
2024-10-24,TASI,-0.13199633886372686
2024-10-25,ADX,0.08340709841168081
2024-10-25,DFM,0.34027553763440466
2024-10-27,KSE,1.790764694055369
2024-10-27,QSE,1.533101293207051
2024-10-27,TASI,1.5388623829548864
2024-10-28,ADX,1.131631015490786
2024-10-28,DFM,1.2888491287230242
2024-10-28,KSE,0.21345518231259408
2024-10-28,QSE,-0.5271795694642423
2024-10-28,TASI,-0.13107415457344063
2024-10-29,ADX,0.051140563491647306
2024-10-29,DFM,1.023601937517138
2024-10-29,KSE,0.00867244566908898
2024-10-29,QSE,0.8207121053310118
2024-10-29,TASI,0.07416650173053263
2024-10-30,ADX,0.16214869572315216
2024-10-30,DFM,0.46167223307076455
2024-10-30,KSE,0.08435192886058207
2024-10-30,QSE,-1.1973997199865138
2024-10-30,TASI,-0.3588117873239427
2024-10-31,ADX,0.004073957334926881
2024-10-31,DFM,-0.2925429795071044
2024-10-31,KSE,0.7085103952928717
2024-10-31,QSE,0.5797205355970503
2024-10-31,TASI,0.02746361836032385
2024-11-01,ADX,0.22384411530114168
2024-11-01,DFM,0.6604219366124209
2024-11-03,KSE,-0.28769344679430153
2024-11-03,QSE,-0.15915487639424075
2024-11-03,TASI,0.21751089559118864
2024-11-04,ADX,-0.1953191853499736
2024-11-04,DFM,-0.7824541038165322
2024-11-04,KSE,0.002091697399375647
2024-11-04,QSE,0.3598408457094582
2024-11-04,TASI,-0.07428624671589334
2024-11-05,ADX,0.572206967656741
2024-11-05,DFM,0.2032578660519313
2024-11-05,KSE,0.22289184189712152
2024-11-05,QSE,0.21923397048062565
2024-11-05,TASI,-0.20241360019515042
2024-11-06,ADX,0.43691715517912844
2024-11-06,DFM,0.47338902884033196
2024-11-06,KSE,0.6395356420791698
2024-11-06,TASI,0.6525974943662582
2024-11-07,ADX,0.43798733783697585
2024-11-07,DFM,0.6041683175270096
2024-11-07,KSE,-0.16563994955628436
2024-11-07,TASI,0.30992654012085286
2024-11-08,ADX,-0.17916357232724556
2024-11-08,DFM,-0.0934461936889841
2024-11-10,KSE,0.4130992178118076
2024-11-10,QSE,0.5214580907004107
2024-11-10,TASI,-0.22809568489462473
2024-11-11,ADX,-0.14159853956662305
2024-11-11,DFM,0.2715638229942918
2024-11-11,KSE,0.6490341415230638
2024-11-11,QSE,-0.17470111604698246
2024-11-11,TASI,0.026852490971740473
2024-11-12,ADX,-0.1714733246642841
2024-11-12,DFM,1.0525617342953542
2024-11-12,KSE,0.17739766235866927
2024-11-12,QSE,-1.3848121308540517
2024-11-12,TASI,-0.48519998108109696
2024-11-13,ADX,-0.5115879609626228
2024-11-13,DFM,0.6681031324308195
2024-11-13,KSE,0.31569849895749513
2024-11-13,QSE,-0.3649764156581137
2024-11-13,TASI,-0.9729657350588727
2024-11-14,ADX,0.2994184495545005
2024-11-14,DFM,-0.07564427738184776
2024-11-14,KSE,0.09599652316187868
2024-11-14,QSE,0.3362760603605963
2024-11-14,TASI,-1.1673532655121277
2024-11-15,ADX,0.46363872351471436
2024-11-15,DFM,0.22265358208419794
2024-11-17,KSE,0.23254596326514054
2024-11-17,QSE,-0.42438794897420307
2024-11-17,TASI,0.17640982945921202
2024-11-18,ADX,-0.5936584652986188
2024-11-18,DFM,-0.571750492503853
2024-11-18,KSE,0.03427223108400934
2024-11-18,QSE,0.4096781103306135
2024-11-18,TASI,0.155768966939962
2024-11-19,ADX,0.4190866595362941
2024-11-19,DFM,0.4044424845228489
2024-11-19,KSE,0.3019762825713368
2024-11-19,QSE,-0.26909911189898494
2024-11-19,TASI,0.3848591540158486
2024-11-20,ADX,-0.2252180573324769
2024-11-20,DFM,0.6118218909055617
2024-11-20,KSE,-0.08152049694488683
2024-11-20,QSE,0.12402315708990308
2024-11-20,TASI,-0.06728157981523708
2024-11-21,ADX,-0.9764821338005936
2024-11-21,DFM,-0.6530551509147831
2024-11-21,KSE,-0.41848288833253866
2024-11-21,QSE,-0.4152063119322591
2024-11-21,TASI,-0.23087786428352963
2024-11-22,ADX,-0.8772353664363575
2024-11-22,DFM,-0.12559254467432446
2024-11-24,KSE,-0.21209882120528656
2024-11-24,QSE,0.142085188331742
2024-11-24,TASI,0.2059107288324702
2024-11-25,ADX,0.002491428942819063
2024-11-25,DFM,0.945874348047826
2024-11-25,KSE,-0.6212792623427776
2024-11-25,QSE,0.028341174404400427
2024-11-25,TASI,-0.6504959788790177
2024-11-26,ADX,0.6733189772830883
2024-11-26,DFM,1.2690067474081745
2024-11-26,KSE,0.19727774725026848
2024-11-26,QSE,-0.04407954255158941
2024-11-26,TASI,-0.4381627771484986
2024-11-27,ADX,-0.09360837698138003
2024-11-27,DFM,-0.4920508592754169
2024-11-27,KSE,-0.44617973054547067
2024-11-27,QSE,-0.4467738517811126
2024-11-27,TASI,-1.237895618263285
2024-11-28,ADX,-0.2653645423861595
2024-11-28,DFM,0.3810579400948422
2024-11-28,KSE,0.17390496635429908
2024-11-28,QSE,0.544036779716417
2024-11-28,TASI,0.4358598507953282
2024-11-29,ADX,-0.2796764823393638
2024-11-29,DFM,0.49674503142496107
2024-12-01,QSE,-0.24160428261561506
2024-12-01,TASI,0.8627087797750788
2024-12-02,KSE,0.04623404989672064
2024-12-02,QSE,-0.014433276808767381
2024-12-02,TASI,-0.02035984410556635
2024-12-03,KSE,0.08315708579469394
2024-12-03,QSE,-0.019830335628678863
2024-12-03,TASI,0.6523368211131642
2024-12-04,ADX,0.3284315848746111
2024-12-04,DFM,0.12997438306263653
2024-12-04,KSE,0.26624170888591703
2024-12-04,QSE,-0.4957123385342155
2024-12-04,TASI,0.6002972411049301
2024-12-05,ADX,0.12509268623321912
2024-12-05,DFM,-0.6854649152910897
2024-12-05,KSE,0.16393884234546796
2024-12-05,QSE,0.5239151586378554
2024-12-05,TASI,0.3784784079738923
2024-12-06,ADX,-0.11221638682638035
2024-12-06,DFM,0.707001730012391
2024-12-08,KSE,-0.20836615068189346
2024-12-08,QSE,-0.2914812230856323
2024-12-08,TASI,0.19603498857378998
2024-12-09,ADX,-0.1604738024089336
2024-12-09,DFM,-0.13060799346545915
2024-12-09,KSE,0.5592844034342459
2024-12-09,QSE,0.5781077184103367
2024-12-09,TASI,1.1891036702047941
2024-12-10,ADX,-0.016646057262448277
2024-12-10,DFM,-1.1138361364291693
2024-12-10,KSE,0.13196046801298156
2024-12-10,QSE,0.7192909286584115
2024-12-10,TASI,0.7955362046212944
2024-12-11,ADX,0.2232456567097918
2024-12-11,DFM,0.025237218696205765
2024-12-11,KSE,0.09801147588204273
2024-12-11,QSE,0.13871146824664393
2024-12-11,TASI,-0.3645277493686261
2024-12-12,ADX,0.054797180318311156
2024-12-12,DFM,0.3397083130931122
2024-12-12,KSE,0.07563304476483346
2024-12-12,QSE,0.1690676724410256
2024-12-12,TASI,-0.41040018600745354
2024-12-13,ADX,-0.11352328628889685
2024-12-13,DFM,0.3745108264075814
2024-12-15,KSE,-0.3090468405081648
2024-12-15,QSE,0.09070298316675718
2024-12-15,TASI,-0.32894217837728945
2024-12-16,ADX,0.16276133015293848
2024-12-16,DFM,4.511942002015523
2024-12-16,KSE,-0.3522492903963448
2024-12-16,QSE,0.3799510280702467
2024-12-16,TASI,0.3084713838315878
2024-12-17,ADX,-0.20161246872367755
2024-12-17,DFM,0.6401157791716239
2024-12-17,KSE,-0.14024508950070125
2024-12-17,QSE,-1.1296775053378005
2024-12-17,TASI,-1.2235603661667094
2024-12-18,ADX,0.3420623291982894
2024-12-18,DFM,-0.8421567400187513
2024-12-18,KSE,0.07195250365212846
2024-12-18,TASI,0.1031918089098749
2024-12-19,ADX,-0.21628834141276254
2024-12-19,DFM,0.1882046581923369
2024-12-19,KSE,-0.037424286311171784
2024-12-19,TASI,-0.5736068417673601
2024-12-20,ADX,0.8433039830476607
2024-12-20,DFM,0.21301682190870697
2024-12-22,KSE,0.23629719853837106
2024-12-22,QSE,0.957566571928048
2024-12-22,TASI,-0.36216536346904693
2024-12-23,ADX,0.5429220692420911
2024-12-23,DFM,-0.01917426370490194
2024-12-23,KSE,0.08237474625636398
2024-12-23,QSE,-0.2040915362918505
2024-12-23,TASI,0.8390310975264548
2024-12-24,ADX,0.3530092469490542
2024-12-24,DFM,0.47524191507988256
2024-12-24,KSE,0.2549726048231227
2024-12-24,QSE,-0.05409524707553626
2024-12-24,TASI,-0.2915759671063056
2024-12-25,ADX,-0.2146216141453161
2024-12-25,DFM,0.06535560600735568
2024-12-25,KSE,0.27612336059721354
2024-12-25,QSE,-0.6258199340585135
2024-12-25,TASI,-0.18155103586046106
2024-12-26,ADX,-0.4064807497854317
2024-12-26,DFM,0.5566793914377088
2024-12-26,KSE,0.05479291836492095
2024-12-26,QSE,-0.4999201919063334
2024-12-26,TASI,-0.2762337304352602
2024-12-27,ADX,-0.5233189963622542
2024-12-27,DFM,0.34546496660785575
2024-12-29,KSE,-0.12108829534870358
2024-12-29,QSE,0.9422475261754215
2024-12-29,TASI,0.28062215969066884
2024-12-30,ADX,0.951796921401149
2024-12-30,DFM,0.46007321254371014
2024-12-30,KSE,0.06576972201162157
2024-12-30,QSE,-0.22746640420187036
2024-12-30,TASI,0.9095448907948223
2024-12-31,ADX,0.027611401384830536
2024-12-31,DFM,0.10536477612668183
2024-12-31,KSE,-0.34541370187631815
2024-12-31,QSE,0.7958879059702051
2024-12-31,TASI,0.2964781058158561
2025-01-01,TASI,0.3390487267893594
2025-01-02,ADX,-1.029620978872492
2025-01-02,DFM,-0.10351117833687917
2025-01-02,TASI,0.20898859792415347
2025-01-03,ADX,0.007830920766105365
2025-01-03,DFM,-0.5159750973453003
2025-01-05,KSE,0.6157861702616119
2025-01-05,QSE,-0.876061993154198
2025-01-05,TASI,-0.27043474756039965
2025-01-06,ADX,1.1335711029470952
2025-01-06,DFM,1.2475763839174148
2025-01-06,KSE,0.12121166015597318
2025-01-06,QSE,0.06908635273978891
2025-01-06,TASI,0.28890322418471115
2025-01-07,ADX,0.11497142154102136
2025-01-07,DFM,0.4475311442567964
2025-01-07,KSE,0.7046079383632664
2025-01-07,QSE,-0.32739860479008565
2025-01-07,TASI,0.0710435353224792
2025-01-08,ADX,0.28105987009587885
2025-01-08,DFM,-0.08822711128736449
2025-01-08,KSE,0.26055584408399834
2025-01-08,QSE,0.04382288073923046
2025-01-08,TASI,-0.20266830894002386
2025-01-09,ADX,-0.03338333791121917
2025-01-09,DFM,0.3841127288132462
2025-01-09,KSE,0.6446798236537266
2025-01-09,QSE,-0.13809718672003202
2025-01-09,TASI,0.07453051228614171
2025-01-10,ADX,0.3470490264873227
2025-01-10,DFM,-0.019505330290436884
2025-01-12,KSE,-0.636313221631668
2025-01-12,QSE,-0.353877247284351
2025-01-12,TASI,0.2415300365770534
2025-01-13,ADX,-0.38228715136042757
2025-01-13,DFM,0.07995302812195959
2025-01-13,KSE,-0.2454444777500897
2025-01-13,QSE,-1.7770029950559874
2025-01-13,TASI,-0.14042502307892724
2025-01-14,ADX,0.4062720024357258
2025-01-14,DFM,0.2493989488772108
2025-01-14,KSE,0.6326599377398212
2025-01-14,QSE,1.6164794972653995
2025-01-14,TASI,0.5186615121574034
2025-01-15,ADX,0.16425184862296494
2025-01-15,DFM,0.10123057072111141
2025-01-15,KSE,0.0702145416564548
2025-01-15,QSE,0.4229221656819604
2025-01-15,TASI,0.32441477891191894
2025-01-16,ADX,-0.072740957048123
2025-01-16,DFM,-0.2862350221913279
2025-01-16,KSE,-0.0003745477336059011
2025-01-16,QSE,0.41117636283243275
2025-01-16,TASI,0.35881541209776824
2025-01-17,ADX,-0.0762652938212538
2025-01-17,DFM,-0.46029186470356587
2025-01-19,KSE,0.0043697399255471225
2025-01-19,QSE,-0.03553103518033618
2025-01-19,TASI,0.6185552491928092
2025-01-20,ADX,0.08421903687110266
2025-01-20,DFM,-0.2983615805116524
2025-01-20,KSE,0.5516867707535011
2025-01-20,QSE,0.3782003686923163
2025-01-20,TASI,0.3865585642197189
2025-01-21,ADX,0.10581632137867114
2025-01-21,DFM,0.4634096407972965
2025-01-21,KSE,0.6694668724399833
2025-01-21,QSE,-0.0026580862791392157
2025-01-21,TASI,-0.08005224749870754
2025-01-22,ADX,0.1787309159302808
2025-01-22,DFM,0.20248609082635927
2025-01-22,KSE,0.8630885942311872
2025-01-22,QSE,1.0670706100797567
2025-01-22,TASI,-0.05853287494074211
2025-01-23,ADX,0.09188062650840045
2025-01-23,DFM,0.3389519380489814
2025-01-23,KSE,-0.1595731022111524
2025-01-23,QSE,0.38344631962459186
2025-01-23,TASI,-0.06754034025913125
2025-01-24,ADX,0.22079311569789262
2025-01-24,DFM,-0.4385983881560196
2025-01-26,KSE,1.6006084492138362
2025-01-26,QSE,-0.09024382380081741
2025-01-26,TASI,0.2599975392665099
2025-01-27,ADX,-0.11888405824378445
2025-01-27,DFM,-0.6485473271661824
2025-01-27,KSE,0.788359284497675
2025-01-27,QSE,0.15379465752780597
2025-01-27,TASI,-0.10714054869078726
2025-01-28,ADX,-0.03025363854961549
2025-01-28,DFM,-0.28738262955675387
2025-01-28,KSE,-0.48438544642995796
2025-01-28,QSE,0.06665772997032082
2025-01-28,TASI,0.38592440039229015
2025-01-29,ADX,0.19738881302828748
2025-01-29,DFM,-0.9152476563390355
2025-01-29,KSE,-0.24048717582004775
2025-01-29,QSE,0.05892922779711096
2025-01-29,TASI,0.15169025595105357
2025-01-30,ADX,0.1574954564598663
2025-01-30,DFM,0.49948043125385144
2025-01-30,QSE,-0.12705939936802357
2025-01-30,TASI,-0.19285612449811973
2025-01-31,ADX,0.026294920489178253
2025-01-31,DFM,0.49272641770072845
2025-02-02,KSE,0.6085102281762733
2025-02-02,QSE,0.30984061627250536
2025-02-02,TASI,-0.04526683932302156
2025-02-03,ADX,-0.10723838216087911
2025-02-03,DFM,0.04612990874917067
2025-02-03,KSE,0.6403939117075375
2025-02-03,QSE,-0.630107602976282
2025-02-03,TASI,-0.2646264605138726
2025-02-04,ADX,0.09054035990576637
2025-02-04,DFM,0.7007907254355183
2025-02-04,KSE,0.5690937927965489
2025-02-04,QSE,0.24914835773024446
2025-02-04,TASI,0.4597177078899062
2025-02-05,ADX,0.0035473905291016905
2025-02-05,DFM,-0.002872153657884624
2025-02-05,KSE,-0.11263046559447654
2025-02-05,QSE,-0.013038016245325856
2025-02-05,TASI,-0.15706458433651926
2025-02-06,ADX,-0.22462532016672698
2025-02-06,DFM,0.4962683731619899
2025-02-06,KSE,-0.2351087896338977
2025-02-06,QSE,-0.3911858611003738
2025-02-06,TASI,0.1544955807934123
2025-02-07,ADX,0.23862006081569742
2025-02-07,DFM,-0.12278758085987329
2025-02-09,KSE,0.14863974451060358
2025-02-09,QSE,-0.3016225890775548
2025-02-09,TASI,0.28599566427371936
2025-02-10,ADX,0.46994932266795075
2025-02-10,DFM,0.4375390064974338
2025-02-10,KSE,0.40518897952361854
2025-02-10,QSE,0.4296188380835897
2025-02-10,TASI,0.020691884787304993
2025-02-11,ADX,0.08192134097655401
2025-02-11,DFM,1.4150410940423352
2025-02-11,KSE,0.21075002213761795
2025-02-11,TASI,-0.3800550456566132
2025-02-12,ADX,0.20665872676646213
2025-02-12,DFM,-0.5920412684244147
2025-02-12,KSE,0.31398746406521294
2025-02-12,QSE,-0.31949722802284697
2025-02-12,TASI,-0.3108427589395002
2025-02-13,ADX,-0.0027953204265518394
2025-02-13,DFM,0.28336761987959314
2025-02-13,KSE,0.6378718031535335
2025-02-13,QSE,0.2250057530550187
2025-02-13,TASI,-0.0056532936264619416
2025-02-14,ADX,-0.34217749124366703
2025-02-14,DFM,0.8038764925599073
2025-02-16,KSE,-0.008052694968563312
2025-02-16,QSE,-0.13363210246430945
2025-02-16,TASI,-0.10439806217198422
2025-02-17,ADX,-0.7150663641425803
2025-02-17,DFM,0.3895982066259185
2025-02-17,KSE,-0.01073779130635888
2025-02-17,QSE,0.052148586252132034
2025-02-17,TASI,-0.8536186542683954
2025-02-18,ADX,0.6500049702569344
2025-02-18,DFM,-0.15512414139118302
2025-02-18,KSE,0.6460875807609234
2025-02-18,QSE,0.2608728048547615
2025-02-18,TASI,0.5479160246721682
2025-02-19,ADX,-0.27029921083026043
2025-02-19,DFM,0.2630961019629563
2025-02-19,KSE,0.4679725827215542
2025-02-19,QSE,0.07548622688211548
2025-02-19,TASI,-0.13037563134392638
2025-02-20,ADX,0.2788500328886778
2025-02-20,DFM,-0.15644206782337022
2025-02-20,KSE,0.5622990655284488
2025-02-20,QSE,0.07768550710620659
2025-02-20,TASI,0.5728442101554654
2025-02-21,ADX,-0.014345531886572616
2025-02-21,DFM,-0.3895758715737885
2025-02-23,KSE,-0.24221246739889457
2025-02-23,QSE,-0.12493054043661855
2025-02-24,ADX,-0.24172570318786724
2025-02-24,DFM,-0.45491253440312907
2025-02-24,KSE,0.03221997960933809
2025-02-24,QSE,0.23380969870210322
2025-02-24,TASI,-0.5544847114545948
2025-02-25,ADX,0.17196295188477428
2025-02-25,DFM,0.14171104184896866
2025-02-25,QSE,-0.7024199590591307
2025-02-25,TASI,-0.147973206617813
2025-02-26,ADX,0.32606467816458373
2025-02-26,DFM,0.17875385625065743
2025-02-26,QSE,-0.8811147314216283
2025-02-26,TASI,-0.5575060153535039
2025-02-27,ADX,-0.3138050364360212
2025-02-27,DFM,0.17040609269840523
2025-02-27,QSE,-0.4957271478821079
2025-02-27,TASI,-0.9871123268592741
2025-02-28,ADX,-0.4998611207916115
2025-02-28,DFM,-0.8108447741910219
2025-03-02,KSE,0.45265993792749093
2025-03-02,TASI,-0.6311990478389484
2025-03-03,ADX,-0.04516645721420742
2025-03-03,DFM,0.18749330411278464
2025-03-03,KSE,0.39656864485291266
2025-03-03,QSE,0.17614345529521902
2025-03-03,TASI,0.7341594915992511
2025-03-04,ADX,0.3246760038911001
2025-03-04,DFM,0.5077295497460499
2025-03-04,KSE,-0.10528068766655352
2025-03-04,QSE,0.0654677103401724
2025-03-04,TASI,-1.584562990827576
2025-03-05,ADX,-0.3624102575865318
2025-03-05,DFM,-0.7748349710034241
2025-03-05,KSE,-0.44588772763966
2025-03-05,QSE,0.20484502041480113
2025-03-05,TASI,-0.2752315214892831
2025-03-06,ADX,-0.24736882859767162
2025-03-06,DFM,-0.7417468797571769
2025-03-06,KSE,-0.6318559061150864
2025-03-06,QSE,0.2070148062363053
2025-03-06,TASI,-0.7374655811576702
2025-03-07,ADX,-0.8932186712598544
2025-03-07,DFM,-0.9695169471438669
2025-03-09,KSE,-1.0890303993573158
2025-03-09,QSE,0.10946908071272077
2025-03-09,TASI,0.21512879940568386
2025-03-10,ADX,-0.5844753111574397
2025-03-10,DFM,-1.6570226886692407
2025-03-10,KSE,0.4126348415043557
2025-03-10,QSE,0.058804136394785544
2025-03-10,TASI,-0.7678743738816163
2025-03-11,ADX,-0.17119914996640562
2025-03-11,DFM,-0.27726008400843494
2025-03-11,KSE,-0.9221725851513374
2025-03-11,QSE,-0.44949445345081607
2025-03-11,TASI,-0.2355761269133838
2025-03-12,ADX,0.4187067868680172
2025-03-12,DFM,0.6888208412922259
2025-03-12,KSE,0.11964346248181101
2025-03-12,QSE,-0.44360565036494215
2025-03-12,TASI,-0.11119938965483689
2025-03-13,ADX,-0.053102514404057555
2025-03-13,DFM,0.5371156665519683
2025-03-13,KSE,-0.6989606972267692
2025-03-13,QSE,-0.14160142403303322
2025-03-13,TASI,0.17898612411144654
2025-03-14,ADX,0.08415907340009188
2025-03-14,DFM,-0.8526795858941894
2025-03-16,KSE,-0.5886121424703461
2025-03-16,QSE,-0.01323876244788691
2025-03-16,TASI,1.0907531126939096
2025-03-17,ADX,0.3421926875025738
2025-03-17,DFM,0.5989561666603027
2025-03-17,KSE,0.04545465334595544
2025-03-17,QSE,-0.1720403418227323
2025-03-17,TASI,0.24683855495448714
2025-03-18,ADX,0.1328973960151858
2025-03-18,DFM,-0.43063774665734744
2025-03-18,KSE,0.47094774378071413
2025-03-18,QSE,0.5537400933139258
2025-03-18,TASI,-0.7627644104538978
2025-03-19,ADX,-0.2720992110707976
2025-03-19,DFM,-0.6218526357239407
2025-03-19,KSE,0.31572074417527407
2025-03-19,QSE,-0.733747006458596
2025-03-19,TASI,-0.7035946642381607
2025-03-20,ADX,-0.7378908654747773
2025-03-20,DFM,0.2784775054371913
2025-03-20,KSE,0.5979108430189672
2025-03-20,QSE,-0.39519603018268734
2025-03-20,TASI,0.4346121143713688
2025-03-21,ADX,0.003842840627799049
2025-03-21,DFM,-0.615043587178532
2025-03-23,KSE,-0.007955961413563806
2025-03-23,QSE,-0.73541817038284
2025-03-23,TASI,-0.557389580622214
2025-03-24,ADX,0.014943805952549738
2025-03-24,DFM,0.326491247754479
2025-03-24,KSE,0.9538552625266483
2025-03-24,QSE,-0.7977532922363362
2025-03-24,TASI,0.7123748783590678
2025-03-25,ADX,-0.29253465644520915
2025-03-25,DFM,0.01289370509265364
2025-03-25,KSE,0.731001438358625
2025-03-25,QSE,-0.2762755573740394
2025-03-25,TASI,-0.6102021669898483
2025-03-26,ADX,0.3350309662806694
2025-03-26,DFM,-0.01074434613962394
2025-03-26,KSE,-0.2928330126936385
2025-03-26,QSE,0.2778295290534194
2025-03-26,TASI,2.255045826104274
2025-03-27,ADX,0.1787977451854772
2025-03-27,DFM,0.07563870890523461
2025-03-27,KSE,0.10628341551737197
2025-03-27,QSE,0.46309559612236484
2025-03-27,TASI,0.45830014533436714
2025-03-28,ADX,-0.2307656264642466
2025-03-28,DFM,-0.4724212430432084
2025-04-02,ADX,-0.36813640152805194
2025-04-02,DFM,0.3139569441801493
2025-04-02,KSE,-0.5586347455595053
2025-04-03,ADX,-0.8212703228515861
2025-04-03,DFM,-1.6628756997764005
2025-04-03,KSE,-0.3638888695680298
2025-04-03,TASI,-1.1841896904243976
2025-04-04,ADX,-0.7635838862088296
2025-04-04,DFM,-1.5069889382423263
2025-04-06,KSE,-5.686997011007744
2025-04-06,QSE,-4.23084634966756
2025-04-06,TASI,-6.778454072838846
2025-04-07,ADX,-2.5884486397582562
2025-04-07,DFM,-3.0790935589191215
2025-04-07,KSE,-0.6375461382073788
2025-04-07,QSE,-0.3465302657146285
2025-04-07,TASI,1.05468169979277
2025-04-08,ADX,0.44618662959805544
2025-04-08,DFM,1.9028988021654092
2025-04-08,KSE,3.0796831545490733
2025-04-08,QSE,1.3372919724411014
2025-04-08,TASI,0.9714142449010366
2025-04-09,ADX,0.8528106262028379
2025-04-09,DFM,0.05213962959269569
2025-04-09,KSE,-0.7012387909593132
2025-04-09,QSE,0.07678961762658254
2025-04-09,TASI,-1.8235316298590987
2025-04-10,ADX,0.6517931204885308
2025-04-10,DFM,1.6593479026534075
2025-04-10,KSE,1.6273199558964224
2025-04-10,QSE,1.9268475654390826
2025-04-10,TASI,3.657766851878108
2025-04-11,ADX,0.36197855307209537
2025-04-11,DFM,-0.1618352842575721
2025-04-13,KSE,-0.2076771312865544
2025-04-13,QSE,0.22803759506924148
2025-04-13,TASI,0.7822576578738305
2025-04-14,ADX,0.8617715017012584
2025-04-14,DFM,1.8175480565925994
2025-04-14,KSE,-0.05286455312110139
2025-04-14,QSE,0.28206847792451306
2025-04-14,TASI,0.041665662067669196
2025-04-15,ADX,0.5787718690455579
2025-04-15,DFM,0.43470695589273856
2025-04-15,KSE,0.013641960756616278
2025-04-15,QSE,0.6571597263270057
2025-04-15,TASI,0.1677969594018336
2025-04-16,ADX,-0.3202278515348378
2025-04-16,DFM,-0.48933297977389323
2025-04-16,KSE,0.09895054985158414
2025-04-16,QSE,-0.14628431524013052
2025-04-16,TASI,0.15159325672342572
2025-04-17,ADX,-0.01382213290629375
2025-04-17,DFM,0.16048172776474967
2025-04-17,KSE,0.6410486278953798
2025-04-17,QSE,-0.6133301673432845
2025-04-17,TASI,-0.699986769430605
2025-04-18,ADX,0.19893662863974537
2025-04-18,DFM,0.6995961687398022
2025-04-20,KSE,0.08895898978693584
2025-04-20,QSE,-0.005915642036879998
2025-04-20,TASI,0.6372303666573265
2025-04-21,ADX,-0.058096608516156056
2025-04-21,DFM,0.1455758605444446
2025-04-21,KSE,-0.04782190789239804
2025-04-21,QSE,-0.28139934956845636
2025-04-21,TASI,-0.6703542108734806
2025-04-22,ADX,-0.16867516657211867
2025-04-22,DFM,0.5887096184879814
2025-04-22,KSE,-0.3422742539240464
2025-04-22,QSE,0.3222638102845732
2025-04-22,TASI,0.3267928863297964
2025-04-23,ADX,0.7293158841996217
2025-04-23,DFM,1.3816590328306733
2025-04-23,KSE,0.5133281869472484
2025-04-23,QSE,0.9647657774853879
2025-04-23,TASI,0.8174238480486151
2025-04-24,ADX,1.0810660083031998
2025-04-24,DFM,-0.18288911705628408
2025-04-24,KSE,0.5414035008705298
2025-04-24,QSE,0.22525399354882403
2025-04-24,TASI,0.7129390712718564
2025-04-25,ADX,-0.3511962423063175
2025-04-25,DFM,-0.6391657385808491
2025-04-27,KSE,0.04998225865582295
2025-04-27,QSE,0.09083962634965914
2025-04-27,TASI,-0.06952846920337263
2025-04-28,ADX,0.8075103574063824
2025-04-28,DFM,1.0432765799329502
2025-04-28,KSE,-0.3004506760140191
2025-04-28,QSE,0.33750652977886375
2025-04-28,TASI,0.24174372523118048
2025-04-29,ADX,0.6319400655071306
2025-04-29,DFM,0.4759846993854122
2025-04-29,KSE,0.3064377936006224
2025-04-29,QSE,0.20515616697520667
2025-04-29,TASI,-0.3261001858021917
2025-04-30,ADX,0.07168722120178828
2025-04-30,DFM,1.256369650902256
2025-04-30,KSE,0.7757125622078087
2025-04-30,QSE,1.3034975288829465
2025-04-30,TASI,-0.6352701190977528
2025-05-01,ADX,0.22696927838663505
2025-05-01,DFM,-0.647241940537624
2025-05-01,KSE,0.09797136149793939
2025-05-01,QSE,-0.1171141553929278
2025-05-01,TASI,-1.0959115981219902
2025-05-02,ADX,0.2420476414220829
2025-05-02,DFM,0.3521905003865289
2025-05-04,KSE,0.39325383384529733
2025-05-04,QSE,0.49781338445000767
2025-05-04,TASI,-1.1449556436121
2025-05-05,ADX,-0.13759121420593434
2025-05-05,DFM,1.0074914245745026
2025-05-05,KSE,0.18486266762993697
2025-05-05,QSE,-0.4184848401844299
2025-05-05,TASI,0.10033913157778684
2025-05-06,ADX,0.6005695218024076
2025-05-06,DFM,0.15510750297089704
2025-05-06,KSE,0.2728921692721098
2025-05-06,QSE,0.2750633573062933
2025-05-06,TASI,0.09743454891364411
2025-05-07,ADX,-0.12864516276523963
2025-05-07,DFM,-0.2886285449524739
2025-05-07,KSE,0.3565737420903048
2025-05-07,QSE,-0.0557005320254822
2025-05-07,TASI,-0.30907514807421155
2025-05-08,ADX,0.23660413755501875
2025-05-08,DFM,-0.4395280954450853
2025-05-08,KSE,0.012116666185835179
2025-05-08,QSE,0.39528009990552615
2025-05-08,TASI,-0.3038037484177525
2025-05-09,ADX,-0.08055031644026434
2025-05-09,DFM,-0.028420830242392725
2025-05-11,KSE,0.6472977338810137
2025-05-11,QSE,0.11606419747451913
2025-05-11,TASI,-0.15417484856535824
2025-05-12,ADX,0.1351552103320497
2025-05-12,DFM,0.4024508156140083
2025-05-12,KSE,0.07589219181693974
2025-05-12,QSE,0.7310878492249984
2025-05-12,TASI,1.2515637077141983
2025-05-13,ADX,-0.0778090627846506
2025-05-13,DFM,0.5390021789186461
2025-05-13,KSE,0.24525976227787183
2025-05-13,QSE,-0.22310625162005326
2025-05-13,TASI,0.38011508382622683
2025-05-14,ADX,-0.10621420591643282
2025-05-14,DFM,-0.05519628039725166
2025-05-14,KSE,0.0433096825137369
2025-05-14,QSE,0.07510405594117753
2025-05-14,TASI,-0.0023369207596157793
2025-05-15,ADX,0.040951019877888406
2025-05-15,DFM,0.7285790776914158
2025-05-15,KSE,0.01998921724508662
2025-05-15,QSE,-0.1787930884570188
2025-05-15,TASI,-0.4071297259798712
2025-05-16,ADX,0.3016044358604697
2025-05-16,DFM,1.0491315614482577
2025-05-18,KSE,-0.24644634196200332
2025-05-18,QSE,0.6252743723449194
2025-05-18,TASI,-0.4014732265244625
2025-05-19,ADX,0.11932605637743343
2025-05-19,DFM,0.6569588479341082
2025-05-19,KSE,-0.3087617588773184
2025-05-19,QSE,0.652022280468123
2025-05-19,TASI,-0.29425889831543595
2025-05-20,ADX,0.4270754230922824
2025-05-20,DFM,-0.43596448895971696
2025-05-20,KSE,-0.07579307113524392
2025-05-20,QSE,0.49710414192791763
2025-05-20,TASI,0.2884576190556265
2025-05-21,ADX,-0.4177389147235866
2025-05-21,DFM,-0.5284170729587867
2025-05-21,KSE,0.3916647129400985
2025-05-21,QSE,0.08389875546044312
2025-05-21,TASI,-1.1758864043725392
2025-05-22,ADX,0.008172580062848489
2025-05-22,DFM,0.2636776906468796
2025-05-22,KSE,-0.1914050873457307
2025-05-22,QSE,0.017632161656977452
2025-05-22,TASI,-1.016832598326367
2025-05-23,ADX,-0.019860849920250168
2025-05-23,DFM,0.20907577847093517
2025-05-25,KSE,-0.2418944152096425
2025-05-25,QSE,-0.3512965224766518
2025-05-25,TASI,-1.6888398213053546
2025-05-26,ADX,-0.06745753382706443
2025-05-26,DFM,0.37150814136086563
2025-05-26,KSE,0.05610749644440194
2025-05-26,QSE,-0.04182310396448896
2025-05-26,TASI,0.692556559516011
2025-05-27,ADX,0.15685145804560374
2025-05-27,DFM,0.367221203181356
2025-05-27,KSE,0.47951903310210486
2025-05-27,QSE,-0.778607190312719
2025-05-27,TASI,-1.3613294016951882
2025-05-28,ADX,0.7182159961215628
2025-05-28,DFM,0.39857391275344156
2025-05-28,KSE,0.7307701104732223
2025-05-28,QSE,-1.0231640920042473
2025-05-28,TASI,1.1677620277495304
2025-05-29,ADX,0.019295013573206177
2025-05-29,DFM,-0.613038175784486
2025-05-29,KSE,-0.10229220830826335
2025-05-29,QSE,-0.7246155007801014
2025-05-29,TASI,-0.5641088843711173
2025-05-30,ADX,-0.6180396148719347
2025-05-30,DFM,-0.22121157249087586
2025-06-01,KSE,0.3732204125654004
2025-06-01,QSE,0.36519023151970753
2025-06-01,TASI,-1.5025890480411697
2025-06-02,ADX,-0.3928715243002201
2025-06-02,DFM,0.07682496982306386
2025-06-02,KSE,0.1722160388499372
2025-06-02,QSE,-0.16369860730864882
2025-06-02,TASI,0.2292811278278073
2025-06-03,ADX,0.4606589579197795
2025-06-03,DFM,0.6769698115138167
2025-06-03,KSE,-0.3377362627922653
2025-06-03,QSE,1.277748363811293
2025-06-03,TASI,-0.16276455149706326
2025-06-04,ADX,0.44884739085526704
2025-06-04,DFM,0.25498881253585015
2025-06-04,KSE,0.4192912537454907
2025-06-04,QSE,-0.5620605612939422
2025-06-04,TASI,1.5887534446680895
2025-06-09,ADX,0.1349770261705352
2025-06-09,DFM,1.0263821606710355
2025-06-10,ADX,0.49270988384439995
2025-06-10,DFM,0.1198015287649179
2025-06-10,KSE,0.7947613739421877
2025-06-10,QSE,1.314219873847966
2025-06-11,ADX,0.08819782445366187
2025-06-11,DFM,-0.07054621184058307
2025-06-11,KSE,0.6531385160119196
2025-06-11,QSE,0.15191033651775765
2025-06-11,TASI,0.0044454418922423855
2025-06-12,ADX,-1.132200554830276
2025-06-12,DFM,-2.2946993119471015
2025-06-12,KSE,-1.4203669420420395
2025-06-12,QSE,-0.8106670951912087
2025-06-12,TASI,-1.4909478352128414
2025-06-13,ADX,-1.3387952493297273
2025-06-13,DFM,-1.8732087967439859
2025-06-15,KSE,-3.931317967770709
2025-06-15,QSE,-3.1955968569143067
2025-06-15,TASI,-1.0086818667502273
2025-06-16,ADX,0.21790023222476584
2025-06-16,DFM,0.7886774592507084
2025-06-16,KSE,1.401171012216773
2025-06-16,QSE,1.729185234542352
2025-06-16,TASI,1.2621634121721792
2025-06-17,ADX,-0.5056938814900769
2025-06-17,DFM,-0.6406528574070536
2025-06-17,KSE,0.6176410239764785
2025-06-17,QSE,-0.5101827174945117
2025-06-17,TASI,-1.4099487993050719
2025-06-18,ADX,-0.4207047118508167
2025-06-18,DFM,-1.2294373651326018
2025-06-18,KSE,-1.5646944289228193
2025-06-18,QSE,-0.6099077721479107
2025-06-18,TASI,-1.1451601442297843
2025-06-19,ADX,-0.769039600853394
2025-06-19,DFM,-0.6848431266766708
2025-06-19,KSE,0.8452873649319237
2025-06-19,QSE,-0.8385325956926093
2025-06-19,TASI,0.1848726262907885
2025-06-20,ADX,0.9572089400343708
2025-06-20,DFM,1.5489632180462731
2025-06-22,KSE,0.40111141287317853
2025-06-22,QSE,0.18575519623569292
2025-06-22,TASI,-0.3434313066703276
2025-06-23,ADX,0.46408077843638207
2025-06-23,DFM,1.1155486001280357
2025-06-23,KSE,0.5213499148037704
2025-06-23,QSE,0.5118587087438176
2025-06-23,TASI,1.2858637658137884
2025-06-24,ADX,2.487240493932563
2025-06-24,DFM,3.357973254411073
2025-06-24,KSE,2.3948563201207085
2025-06-24,QSE,1.9263840289567513
2025-06-24,TASI,2.371936532291774
2025-06-25,ADX,0.1615060284013925
2025-06-25,DFM,0.36438877686213456
2025-06-25,KSE,0.6654335088730035
2025-06-25,QSE,1.0601099229281319
2025-06-25,TASI,0.0884709231667502
2025-06-26,ADX,0.76555989530247
2025-06-26,DFM,1.2562836137114397
2025-06-26,QSE,0.38653285691823136
2025-06-26,TASI,0.8592050988244448
2025-06-29,KSE,2.119773920533019
2025-06-29,QSE,0.7817768505169687
2025-06-29,TASI,1.2140118200049343
2025-06-30,ADX,0.721104000210393
2025-06-30,DFM,0.3844114215597383
2025-06-30,KSE,0.37462226407756205
2025-06-30,QSE,-0.17375157110891548
2025-06-30,TASI,-0.34527219817016563
2025-07-01,ADX,-0.2910363222971113
2025-07-01,DFM,-0.23239323884611807
2025-07-01,KSE,-0.5900401741059436
2025-07-01,QSE,-0.4752871545745774
2025-07-01,TASI,-0.3794388371151425
2025-07-02,ADX,-0.08782761614498646
2025-07-02,DFM,-0.41019060166885835
2025-07-02,KSE,-0.5455859327953783
2025-07-02,QSE,0.00795072933219565
2025-07-02,TASI,0.07229175918184172
2025-07-03,ADX,0.6141240466056797
2025-07-03,DFM,1.394394245952113
2025-07-03,KSE,0.3222336838234696
2025-07-03,QSE,0.563124099223411
2025-07-03,TASI,1.0315751823625874
2025-07-04,ADX,0.007614665846422675
2025-07-04,DFM,0.08819804153654687
2025-07-06,KSE,0.34193886800237827
2025-07-06,QSE,-0.06998658728274432
2025-07-06,TASI,0.6339153869879821
2025-07-07,ADX,0.2541702148975755
2025-07-07,DFM,0.8577747958986803
2025-07-07,KSE,0.5345640262907514
2025-07-07,QSE,0.4567567215651769
2025-07-07,TASI,0.2627271831898037
2025-07-08,ADX,0.04806697798611648
2025-07-08,DFM,-0.141832480123949
2025-07-08,KSE,0.20439953963871105
2025-07-08,QSE,0.3036717574183445
2025-07-08,TASI,-0.4529538687721768
2025-07-09,ADX,0.37296437760696577
2025-07-09,DFM,0.6797902681768164
2025-07-09,KSE,0.6229122722836822
2025-07-09,QSE,-0.03701078158580007
2025-07-09,TASI,-0.14467591900857446
2025-07-10,ADX,-0.012638048287294534
2025-07-10,DFM,-0.06685031203955694
2025-07-10,KSE,0.8838110034038449
2025-07-10,QSE,-0.024654057405948393
2025-07-10,TASI,-0.007273626551007606
2025-07-11,ADX,0.16978925630115604
2025-07-11,DFM,0.4307172777264334
2025-07-13,KSE,0.1534616565089575
2025-07-13,QSE,0.03259663744346053
2025-07-13,TASI,-0.21291115717140263
2025-07-14,ADX,-0.018877653924909144
2025-07-14,DFM,0.02715461419560139
2025-07-14,KSE,0.028296185247134176
2025-07-14,QSE,-0.5638526496073881
2025-07-14,TASI,-0.3493374916923697
2025-07-15,ADX,0.871914784093275
2025-07-15,DFM,0.9812842822725099
2025-07-15,KSE,-0.2887529395689814
2025-07-15,QSE,0.4475465610285667
2025-07-15,TASI,-1.0538962286635423
2025-07-16,ADX,0.2529887248599927
2025-07-16,DFM,1.0209653628550752
2025-07-16,KSE,-1.1759138919281154
2025-07-16,QSE,-0.05952569353524506
2025-07-16,TASI,-0.5107517340819046
2025-07-17,ADX,0.6501361492797564
2025-07-17,DFM,2.153504111572002
2025-07-17,KSE,0.848013970347683
2025-07-17,QSE,0.9600042740030235
2025-07-17,TASI,-0.2877112734295584
2025-07-18,ADX,0.18745441782224148
2025-07-18,DFM,-0.15287338554317298
2025-07-20,KSE,-0.22525958024589565
2025-07-20,QSE,0.24287048807405398
2025-07-20,TASI,-0.38403356851590686
2025-07-21,ADX,-0.26350435454589594
2025-07-21,DFM,-0.7995031244913853
2025-07-21,KSE,0.14491364933695294
2025-07-21,QSE,0.7350734026034367
2025-07-21,TASI,0.1501170573595001
2025-07-22,ADX,-0.5450113096197584
2025-07-22,DFM,-0.334985376440855
2025-07-22,KSE,-0.2263015024054571
2025-07-22,QSE,1.0787415539538214
2025-07-22,TASI,-1.2564207753492762
2025-07-23,ADX,1.1534679193270003
2025-07-23,DFM,1.0191209984082406
2025-07-23,KSE,0.16076373549409606
2025-07-23,QSE,0.41701672375289434
2025-07-23,TASI,1.2978594640353558
2025-07-24,ADX,0.043996472512386475
2025-07-24,DFM,0.41520393571681247
2025-07-24,KSE,-0.25334512383252683
2025-07-24,QSE,0.2972943016759766
2025-07-24,TASI,-0.3471426078045625
2025-07-25,ADX,0.38103799604107813
2025-07-25,DFM,0.6381453858816055
2025-07-27,KSE,-0.35590758050790816
2025-07-27,QSE,0.2537323720270601
2025-07-27,TASI,0.09519541915976593
2025-07-28,ADX,0.2137318352117834
2025-07-28,DFM,0.27998231026622467
2025-07-28,KSE,-0.6995292816268206
2025-07-28,QSE,-0.3890114972753045
2025-07-28,TASI,-0.6471155374878079
2025-07-29,ADX,-0.196773645649162
2025-07-29,DFM,0.16424165442299188
2025-07-29,KSE,0.5373624984195136
2025-07-29,QSE,-0.5686481843773072
2025-07-29,TASI,-0.5641551953230017
2025-07-30,ADX,0.10588129498141363
2025-07-30,DFM,0.4953227681763872
2025-07-30,KSE,0.3596155138804846
2025-07-30,QSE,0.06919918325216656
2025-07-30,TASI,0.8358319528556368
2025-07-31,ADX,0.1732877929664811
2025-07-31,DFM,-0.7934446728407152
2025-07-31,KSE,0.4028342070950375
2025-07-31,QSE,1.0059688989422
2025-07-31,TASI,0.05396183799686316
2025-08-01,ADX,-0.5207961691927054
2025-08-01,DFM,-0.7660099326369796
2025-08-03,KSE,-0.4409201437455712
2025-08-03,QSE,-0.8335399273502353
2025-08-03,TASI,-0.7982394573687102
2025-08-04,ADX,-0.1735059345814749
2025-08-04,DFM,0.2230033778633178
2025-08-04,KSE,-0.592118203176828
2025-08-04,QSE,0.10718094513217924
2025-08-04,TASI,0.05862218787318074
2025-08-05,ADX,0.3150867823765058
2025-08-05,DFM,0.6657274280768011
2025-08-05,KSE,0.5326996019972885
2025-08-05,QSE,0.9337506019940767
2025-08-05,TASI,0.7601806224452279
2025-08-06,ADX,-0.016261421712870927
2025-08-06,DFM,-0.16817160421790378
2025-08-06,KSE,-0.3362015176108457
2025-08-06,QSE,0.37051658055384795
2025-08-06,TASI,0.22789729680952053
2025-08-07,ADX,-0.12110920933402491
2025-08-07,DFM,-0.3716676994243939
2025-08-07,KSE,0.48110204267637346
2025-08-07,QSE,0.33366031486765646
2025-08-07,TASI,-0.1501853492421379
2025-08-08,ADX,-0.05224381870327921
2025-08-08,DFM,0.25076755670869755
2025-08-10,KSE,0.6400177956694453
2025-08-10,QSE,-0.01126656699262929
2025-08-10,TASI,-0.28534807435017795
2025-08-11,ADX,-0.09494143500246022
2025-08-11,DFM,0.07774566773888214
2025-08-11,KSE,0.20676076588392878
2025-08-11,QSE,0.07974086739563901
2025-08-11,TASI,-0.9860511184472398
2025-08-12,ADX,-0.05503876495729365
2025-08-12,DFM,-0.5653885969944539
2025-08-12,KSE,-0.5855949426183171
2025-08-12,QSE,0.4387261398686393
2025-08-12,TASI,-0.20367062665807012
2025-08-13,ADX,-0.1312139671489243
2025-08-13,DFM,-0.44209855356704963
2025-08-13,KSE,0.658299343100821
2025-08-13,QSE,1.8681639335015987
2025-08-13,TASI,-0.05766198640140274
2025-08-14,ADX,-0.30643851536326094
2025-08-14,DFM,0.06369419223029027
2025-08-14,KSE,0.18286582527700102
2025-08-14,QSE,0.12084144480972725
2025-08-14,TASI,0.6516460679123259
2025-08-15,ADX,-0.28709002120740346
2025-08-15,DFM,0.5025142116585224
2025-08-17,KSE,-0.10221366822105171
2025-08-17,QSE,-0.5218567569342025
2025-08-17,TASI,0.5889072890686853
2025-08-18,ADX,-0.08364549571450164
2025-08-18,DFM,0.04913842075364716
2025-08-18,KSE,-0.3717456220725168
2025-08-18,QSE,-0.62443198339458
2025-08-18,TASI,-0.10836998981849089
2025-08-19,ADX,-0.0338778595459055
2025-08-19,DFM,0.3584566294677183
2025-08-19,KSE,0.07630065247252737
2025-08-19,QSE,-0.20902318739832726
2025-08-19,TASI,-0.03555253798555036
2025-08-20,ADX,-0.05142168721902207
2025-08-20,DFM,-0.4687088553734675
2025-08-20,KSE,-0.2633636122850058
2025-08-20,QSE,-1.6082152532106542
2025-08-20,TASI,-0.03344786802809141
2025-08-21,ADX,-0.04047253894134961
2025-08-21,DFM,0.0914733660694278
2025-08-21,KSE,-0.19944199248465022
2025-08-21,QSE,0.31653573387286915
2025-08-21,TASI,-0.10332898841443061
2025-08-22,ADX,0.08274250219602042
2025-08-22,DFM,-0.029699512542213924
2025-08-24,KSE,-0.3083254330776386
2025-08-24,QSE,-0.17571590453354657
2025-08-24,TASI,0.346929138056562
2025-08-25,ADX,-0.020374658626509667
2025-08-25,DFM,0.15475302111607192
2025-08-25,KSE,-0.08396568753525901
2025-08-25,QSE,-0.25806438279638577
2025-08-25,TASI,-0.05951929905683162
2025-08-26,ADX,-0.3885690547758891
2025-08-26,DFM,-0.5256406618404319
2025-08-26,KSE,-0.7282060045360139
2025-08-26,QSE,0.9924371978766056
2025-08-26,TASI,-0.21379807745246504
2025-08-27,ADX,0.1434048521592457
2025-08-27,DFM,0.39865019205505003
2025-08-27,KSE,-0.28457250933686673
2025-08-27,QSE,-0.5847214063390394
2025-08-27,TASI,-0.6095777809937974
2025-08-28,ADX,-0.6136560069144315
2025-08-28,DFM,-0.706492889978938
2025-08-28,KSE,-0.6158932582796428
2025-08-28,QSE,-0.9874916675556511
2025-08-28,TASI,-0.7044543721911101
2025-08-29,ADX,-0.24162180110524067
2025-08-29,DFM,-0.33776724025116334
2025-08-31,KSE,-0.09311590896848854
2025-08-31,QSE,-0.03972533748989315
2025-08-31,TASI,-0.33003147803339905
2025-09-01,ADX,-0.8386604019745114
2025-09-01,DFM,-1.5551759027242262
2025-09-01,KSE,0.15020269110406215
2025-09-01,QSE,-0.41790957370816395
2025-09-01,TASI,-0.24614631901969108
2025-09-02,ADX,0.24065910024066994
2025-09-02,DFM,0.6965629076633117
2025-09-02,KSE,0.3399488208917889
2025-09-02,QSE,0.07238883375082494
2025-09-02,TASI,-0.02923183147771624
2025-09-03,ADX,0.1678277075173762
2025-09-03,DFM,-0.6123885046575683
2025-09-03,KSE,-0.3901532032968613
2025-09-03,QSE,-0.3683993473890812
2025-09-03,TASI,-0.4531621287520826
2025-09-04,ADX,-0.17102877939775274
2025-09-04,DFM,0.25325907498294775
2025-09-04,QSE,-0.38735116149122284
2025-09-04,TASI,0.343821994098259
2025-09-07,KSE,-0.10102586877850372
2025-09-07,QSE,0.29028822772072527
2025-09-07,TASI,-0.5784811726975314
2025-09-08,ADX,-0.7311324280553144
2025-09-08,DFM,-0.897944804072659
2025-09-08,KSE,1.9628082121686097
2025-09-08,QSE,-0.059287981668709744
2025-09-08,TASI,-0.9148591391572425
2025-09-09,ADX,-0.06686485167749501
2025-09-09,DFM,0.3787425551731838
2025-09-09,KSE,0.9064458129088848
2025-09-09,QSE,-0.15622620609729854
2025-09-09,TASI,0.3059916892077519
2025-09-10,ADX,-0.26793975725682984
2025-09-10,DFM,-0.5931677184392581
2025-09-10,KSE,0.11262212762770396
2025-09-10,QSE,-0.273509216363621
2025-09-10,TASI,-0.29565388625745204
2025-09-11,ADX,0.32970486730210524
2025-09-11,DFM,0.5772831921710742
2025-09-11,KSE,-0.19700054912299425
2025-09-11,QSE,0.1448921020208882
2025-09-11,TASI,-0.42846474198994233
2025-09-12,ADX,0.5457946402484204
2025-09-12,DFM,1.2387607101431275
2025-09-14,KSE,0.7712530801953221
2025-09-14,QSE,0.3482329556677266
2025-09-14,TASI,-0.18252168006389624
2025-09-15,ADX,0.2223853247654617
2025-09-15,DFM,0.17527920920246132
2025-09-15,KSE,0.3157003565969374
2025-09-15,QSE,-0.2854923978709567
2025-09-15,TASI,-0.06633039040085942
2025-09-16,ADX,0.2710129707604869
2025-09-16,DFM,-0.6859638496509946
2025-09-16,KSE,0.005506310549563409
2025-09-16,QSE,0.19468881973614405
2025-09-16,TASI,0.8791634796064596
2025-09-17,ADX,-0.2516986929156695
2025-09-17,DFM,-0.14284594702229647
2025-09-17,KSE,-0.040236207716237704
2025-09-17,QSE,0.9391669084863219
2025-09-17,TASI,1.2516634017764927
2025-09-18,ADX,0.6053819923512727
2025-09-18,DFM,-0.20730716356913703
2025-09-18,KSE,-0.047137683347053816
2025-09-18,QSE,0.7288355528489721
2025-09-18,TASI,1.2234369341756146
2025-09-19,ADX,0.28794759116195223
2025-09-19,DFM,0.7446464149277965
2025-09-21,KSE,-0.1937265657620979
2025-09-21,QSE,-0.36283910249390594
2025-09-21,TASI,0.2596243743350657
2025-09-22,ADX,0.08412205992414101
2025-09-22,DFM,0.06541196471649968
2025-09-22,KSE,0.07687651974472853
2025-09-22,QSE,-0.3972789021938983
2025-09-22,TASI,0.6267203939811505
2025-09-23,ADX,-0.2705033018765568
2025-09-23,DFM,-1.133202278576162
2025-09-23,KSE,0.8860533860162612
2025-09-23,QSE,-0.42041926064980695
2025-09-24,ADX,-1.2968333920255204
2025-09-24,DFM,-1.4554821575390786
2025-09-24,KSE,-0.8842661001530194
2025-09-24,QSE,-0.8624692243896059
2025-09-24,TASI,5.0570896035376345
2025-09-25,ADX,-0.31869667092262466
2025-09-25,DFM,-0.9461659341742701
2025-09-25,KSE,-0.6260365414346047
2025-09-25,QSE,-1.082729611409483
2025-09-25,TASI,-1.0356654772800677
2025-09-26,ADX,0.5376852188845316
2025-09-26,DFM,0.6662013171668146
2025-09-28,KSE,-0.3357048360075554
2025-09-28,QSE,0.17438803809606274
2025-09-28,TASI,-0.6948145819304918
2025-09-29,ADX,-0.08890160022879678
2025-09-29,DFM,0.22765660182539893
2025-09-29,KSE,0.5902122685728317
2025-09-29,QSE,0.2206271606038479
2025-09-29,TASI,1.8223337732445
2025-09-30,ADX,0.23691488179780062
2025-09-30,DFM,-0.49415195864540573
2025-09-30,KSE,-0.18202112680556493
2025-09-30,QSE,0.46301541611992736
2025-09-30,TASI,0.6016172721161617
2025-10-01,ADX,0.1383979390090273
2025-10-01,DFM,0.8363511991090089
2025-10-01,KSE,-0.20337326463172323
2025-10-01,QSE,-0.8826751666269228
2025-10-01,TASI,0.22942510228467494
2025-10-02,ADX,0.3595766448687199
2025-10-02,DFM,0.4755047142895874
2025-10-02,KSE,-0.3961350900846594
2025-10-02,QSE,-0.8413310289546949
2025-10-02,TASI,-0.2917828815551582
2025-10-03,ADX,0.0822691991272162
2025-10-03,DFM,0.018931864892635097
2025-10-05,KSE,0.038321908323690757
2025-10-05,QSE,0.4845831247754173
2025-10-05,TASI,0.28593338092612886
2025-10-06,ADX,-0.09629894368993197
2025-10-06,DFM,-0.1613880600008777
2025-10-06,KSE,0.0005365158020076422
2025-10-06,QSE,-0.24900486504314534
2025-10-06,TASI,0.6645253350934466
2025-10-07,ADX,0.18364122387732884
2025-10-07,DFM,0.5428237927175283
2025-10-07,KSE,0.4028139029812916
2025-10-07,QSE,0.2110519804942257
2025-10-07,TASI,-0.18930909955349184
2025-10-08,ADX,0.48167053180154795
2025-10-08,DFM,0.34207725867361205
2025-10-08,KSE,-0.1416055180197051
2025-10-08,QSE,-0.12968300147597756
2025-10-08,TASI,-0.20685939039198908
2025-10-09,ADX,0.1351412714927891
2025-10-09,DFM,-0.03774889165478745
2025-10-09,KSE,-0.4503554790217579
2025-10-09,QSE,0.3288845605905699
2025-10-09,TASI,0.20797248476644992
2025-10-10,ADX,-0.29495762448700225
2025-10-10,DFM,0.4023084259197507
2025-10-12,KSE,-0.22673396655432665
2025-10-12,QSE,-0.8551918150881077
2025-10-12,TASI,-0.7671330825863576
2025-10-13,ADX,-0.07662714024546657
2025-10-13,DFM,-0.48695452856645227
2025-10-13,KSE,0.6627832803193012
2025-10-13,QSE,-0.034774884446509
2025-10-13,TASI,0.8459752168050727
2025-10-14,ADX,0.045120995511638284
2025-10-14,DFM,1.3470518827236377
2025-10-14,KSE,0.5286836857355981
2025-10-14,QSE,-0.8308482259359096
2025-10-14,TASI,0.037178356661438094
2025-10-15,ADX,0.09643230155715887
2025-10-15,DFM,0.09728801212991467
2025-10-15,KSE,-0.14502537411646976
2025-10-15,QSE,-0.48809409048360397
2025-10-15,TASI,0.7436228009658485
2025-10-16,ADX,0.23299313174189873
2025-10-16,DFM,-0.1626039738637286
2025-10-16,KSE,0.3721539288364939
2025-10-16,QSE,1.4723051022438538
2025-10-16,TASI,0.12283270733273177
2025-10-17,ADX,-0.19351245311289844
2025-10-17,DFM,-0.6151623662566275
2025-10-19,KSE,0.41337591392092143
2025-10-19,QSE,-0.1265377719188887
2025-10-19,TASI,-0.05103799528547448
2025-10-20,ADX,-0.2598667380452335
2025-10-20,DFM,-0.6239832373532428
2025-10-20,KSE,-0.12865478514333395
2025-10-20,QSE,-0.26464173146451
2025-10-20,TASI,-0.3939965358865982
2025-10-21,ADX,0.22400231330417242
2025-10-21,DFM,0.352821845942497
2025-10-21,KSE,0.0472483153221237
2025-10-21,QSE,0.12351020030532123
2025-10-21,TASI,-0.8480362203440395
2025-10-22,ADX,1.0554574620605495
2025-10-22,DFM,-0.028615416466926114
2025-10-22,KSE,0.0063532737890170665
2025-10-22,QSE,0.26317589924738094
2025-10-22,TASI,0.3473176453310689
2025-10-23,ADX,-0.3505238302428104
2025-10-23,DFM,0.7016968509579558
2025-10-23,KSE,0.13139853142818403
2025-10-23,QSE,0.24625702401441796
2025-10-23,TASI,0.22250579678726456
2025-10-24,ADX,0.09684350991492341
2025-10-24,DFM,0.8347759007972355
2025-10-26,KSE,-0.11684515954386576
2025-10-26,QSE,0.3226040208071934
2025-10-26,TASI,-0.15699279062960647
2025-10-27,ADX,-0.09341699365881251
2025-10-27,DFM,-0.4144287308591954
2025-10-27,KSE,-0.5485972235602432
2025-10-27,QSE,-0.14717095444783945
2025-10-27,TASI,0.2274568790574527
2025-10-28,ADX,-0.26962217573716085
2025-10-28,DFM,0.47127754995464066
2025-10-28,KSE,0.5353365786361364
2025-10-28,QSE,0.26339931183143594
2025-10-28,TASI,0.46678260592378784
2025-10-29,ADX,-0.023021163729664007
2025-10-29,DFM,0.3240745569023984
2025-10-29,KSE,0.8418763328032153
2025-10-29,QSE,0.031581413129200264
2025-10-29,TASI,0.6683236395332415
2025-10-30,ADX,0.4849334102194236
2025-10-30,DFM,0.2593102904636657
2025-10-30,KSE,0.4413112709197753
2025-10-30,QSE,0.2612481499177921
2025-10-30,TASI,-0.8188380200029433
2025-10-31,ADX,-1.0928854722616732
2025-10-31,DFM,-0.7467592243760146
2025-11-02,KSE,-0.05749577667385486
2025-11-02,QSE,-0.24168139978127945
2025-11-02,TASI,-1.0257476211772532
2025-11-03,ADX,-0.7537698393053294
2025-11-03,DFM,-0.6706934259264163
2025-11-03,KSE,-0.4113836003020732
2025-11-03,QSE,0.8898182280416389
2025-11-03,TASI,-0.45699007219827115
2025-11-04,ADX,0.33699895348755504
2025-11-04,DFM,-0.10068468911526018
2025-11-04,KSE,-0.14221060823919052
2025-11-04,QSE,-0.0001777365138844189
2025-11-04,TASI,-0.742628797247824
2025-11-05,ADX,-0.42445724853467093
2025-11-05,DFM,-0.3409432986347327
2025-11-05,KSE,-0.47730487875424776
2025-11-05,QSE,-0.18989185258000418
2025-11-05,TASI,-1.2418511899591977
2025-11-06,ADX,0.08727031630995086
2025-11-06,DFM,0.4928015112904527
2025-11-06,KSE,0.0017966280462022866
2025-11-06,QSE,0.4753538958571779
2025-11-06,TASI,0.4051741373581663
2025-11-07,ADX,0.5139869907019534
2025-11-07,DFM,0.05048358122818897
2025-11-09,KSE,-0.15027995189349497
2025-11-09,QSE,-0.10019152051188307
2025-11-09,TASI,-0.5130720783933285
2025-11-10,ADX,-0.5444103891566576
2025-11-10,DFM,-0.28166413098074106
2025-11-10,KSE,-0.15283463800206398
2025-11-10,QSE,0.38143836951727295
2025-11-10,TASI,-0.004985610386509798
2025-11-11,ADX,0.13512609939652087
2025-11-11,DFM,1.0691048004170423
2025-11-11,KSE,0.409490251948319
2025-11-11,QSE,0.45797195044663397
2025-11-11,TASI,0.23702307470823136
2025-11-12,ADX,-0.39546293980053937
2025-11-12,DFM,-0.49604581482978194
2025-11-12,KSE,-0.34458331705782275
2025-11-12,QSE,-0.5239234148054162
2025-11-12,TASI,-0.13815153541958392
2025-11-13,ADX,-0.3298936475711223
2025-11-13,DFM,-0.8404535768387955
2025-11-13,KSE,0.033581682410499525
2025-11-13,QSE,-1.122953471343635
2025-11-13,TASI,-0.6860997246181166
2025-11-14,ADX,-0.43428676981396297
2025-11-14,DFM,-0.6946934919216496
2025-11-16,KSE,-0.6390026729246712
2025-11-16,QSE,-1.013970660315644
2025-11-16,TASI,-1.1187475532670077
2025-11-17,ADX,-0.0651347563496163
2025-11-17,DFM,0.1336271375602216
2025-11-17,KSE,0.2678390620836524
2025-11-17,QSE,-0.42685059292568717
2025-11-17,TASI,-0.01339502566741757
2025-11-18,ADX,-0.294609057816031
2025-11-18,DFM,-0.9829642690809659
2025-11-18,KSE,-0.6995385660362841
2025-11-18,QSE,-1.0927277710188643
2025-11-18,TASI,0.43135770216582436
2025-11-19,ADX,-0.2425563435010658
2025-11-19,DFM,-0.6245267997915915
2025-11-19,KSE,0.4232579946948256
2025-11-19,QSE,0.6420854181450331
2025-11-19,TASI,-0.9021687191798855
2025-11-20,ADX,0.27236016055556256
2025-11-20,DFM,0.8336651547030227
2025-11-20,KSE,0.09657448387012657
2025-11-20,QSE,-1.3314940938565778
2025-11-20,TASI,0.10874042142130502
2025-11-21,ADX,-0.9079303033245889
2025-11-21,DFM,-1.2755948272361928
2025-11-23,KSE,0.029178673584362436
2025-11-23,QSE,0.42581137183776985
2025-11-23,TASI,0.00163205921579479
2025-11-24,ADX,-0.23950090706120752
2025-11-24,DFM,-0.08071204681792121
2025-11-24,KSE,0.10816381281697485
2025-11-24,QSE,0.4394060753919904
2025-11-24,TASI,-1.4444877877100026
2025-11-25,ADX,-0.1085765218877488
2025-11-25,DFM,-0.13479852620460475
2025-11-25,KSE,0.25118787832383305
2025-11-25,QSE,-0.8646823864551512
2025-11-25,TASI,-1.5217780622088561
2025-11-26,ADX,-0.26266993125915183
2025-11-26,DFM,-0.24506309490268663
2025-11-26,KSE,0.15445096712187745
2025-11-26,QSE,0.7728599487232479
2025-11-26,TASI,-0.47947994333586985
2025-11-27,ADX,-0.3146165745311458
2025-11-27,DFM,0.1122450346291437
2025-11-27,KSE,-0.3028120531695211
2025-11-27,QSE,-0.4178896694710832
2025-11-27,TASI,0.049556292765817744
2025-11-28,ADX,0.4342078283116946
2025-11-28,DFM,0.37229588555944826
2025-11-30,KSE,0.16275519472723765
2025-11-30,QSE,-0.2786373971609746
2025-11-30,TASI,-0.4677392652614576
2025-12-01,KSE,-0.5277766876709666
2025-12-01,QSE,0.0576548230679208
2025-12-01,TASI,-0.4520861387541597
2025-12-02,KSE,-0.08050353629108775
2025-12-02,QSE,0.4977709466539748
2025-12-02,TASI,-0.06373612823674657
2025-12-03,ADX,1.2737030338036526
2025-12-03,DFM,1.1949856653973967
2025-12-03,KSE,0.573582956636054
2025-12-03,QSE,0.46280798357167807
2025-12-03,TASI,0.3654961609174334
2025-12-04,ADX,0.4302362804569304
2025-12-04,DFM,0.3619638176363793
2025-12-04,KSE,0.5536533374643327
2025-12-04,QSE,-0.09921890882234052
2025-12-04,TASI,0.4856871862230827
2025-12-05,ADX,0.37432707370237406
2025-12-05,DFM,0.9365690399155024
2025-12-07,KSE,0.248605813113012
2025-12-07,QSE,-0.07859648313151002
2025-12-07,TASI,0.04799103916315328
2025-12-08,ADX,-0.13878141675627287
2025-12-08,DFM,0.2458410907255626
2025-12-08,KSE,0.873857023012703
2025-12-08,QSE,0.29958987707521256
2025-12-08,TASI,-0.05408583186361504
2025-12-09,ADX,0.5248015264025963
2025-12-09,DFM,0.7793939899137348
2025-12-09,KSE,0.6455934879265435
2025-12-09,QSE,0.3811299351033526
2025-12-09,TASI,0.6991670980189157
2025-12-10,ADX,-0.08228854247169792
2025-12-10,DFM,0.5207609594706231
2025-12-10,KSE,0.09082143634724371
2025-12-10,QSE,0.2791037636794558
2025-12-10,TASI,0.24645530426297135
2025-12-11,ADX,0.25027502199173046
2025-12-11,DFM,0.3880552556743355
2025-12-11,KSE,0.48974213957651
2025-12-11,QSE,0.8855005163697305
2025-12-11,TASI,-0.09490535112463006
2025-12-12,ADX,-0.17279632220668084
2025-12-12,DFM,-0.04245695874373068
2025-12-14,KSE,0.1413206835344294
2025-12-14,QSE,-0.4422539540542392
2025-12-14,TASI,-1.186549378286017
2025-12-15,ADX,-0.00901017248473579
2025-12-15,DFM,-0.13268289527679222
2025-12-15,KSE,-0.6816228429086801
2025-12-15,QSE,-0.8935112387710498
2025-12-15,TASI,0.01265295587282722
2025-12-16,ADX,-0.07849568624153092
2025-12-16,DFM,0.3397702284924087
2025-12-16,KSE,-0.7112779476889819
2025-12-16,QSE,-0.2907642341112848
2025-12-16,TASI,-1.2961047962035122
2025-12-17,ADX,-0.2692392862904347
2025-12-17,DFM,-0.010140637018585252
2025-12-17,KSE,-0.5122022504749579
2025-12-17,QSE,-0.6714966980882253
2025-12-17,TASI,-0.3716725701900625
2025-12-18,ADX,0.48005144125948807
2025-12-18,DFM,-0.4715661648244662
2025-12-18,KSE,0.05581709618902586
2025-12-18,TASI,0.34770206231582446
2025-12-19,ADX,-0.33667037300717517
2025-12-19,DFM,0.5538841215088519
2025-12-21,KSE,0.2757839657314687
2025-12-21,QSE,0.5794577736684792
2025-12-21,TASI,0.32841545378325954
2025-12-22,ADX,0.6927715980700855
2025-12-22,DFM,0.7127546714190469
2025-12-22,KSE,0.05458680818801742
2025-12-22,QSE,0.7931775828680321
2025-12-22,TASI,0.6454234385020907
2025-12-23,ADX,0.21472142013059248
2025-12-23,DFM,0.06398122840547416
2025-12-23,KSE,0.3622502996978527
2025-12-23,QSE,0.20803619563911635
2025-12-23,TASI,0.413084977305056
2025-12-24,ADX,-0.19397860965757463
2025-12-24,DFM,0.035541332963573424
2025-12-24,KSE,-0.24711979947159568
2025-12-24,QSE,0.12703415871846424
2025-12-24,TASI,-0.5202971170900739
2025-12-25,ADX,-0.06554894753095786
2025-12-25,DFM,-0.3638804601496348
2025-12-25,KSE,0.17590746327866835
2025-12-25,QSE,-0.33578158520995993
2025-12-25,TASI,-0.13879412807078495
2025-12-26,ADX,0.011363953539378358
2025-12-26,DFM,-0.12000292887842656
2025-12-28,KSE,-0.04449886668577152
2025-12-28,QSE,-0.3513510608436077
2025-12-28,TASI,-1.039696621246755
2025-12-29,ADX,0.283169505006553
2025-12-29,DFM,0.05053772030068071
2025-12-29,KSE,-0.25199447843294864
2025-12-29,QSE,0.3239731198777518
2025-12-29,TASI,0.7008010943709841
2025-12-30,ADX,-0.9645899573314409
2025-12-30,DFM,-1.9940250565958606
2025-12-30,KSE,-1.2937805924549184
2025-12-30,QSE,-0.0422248662167779
2025-12-30,TASI,-1.0309266360297498
2025-12-31,ADX,0.28602339169547797
2025-12-31,DFM,0.5343286133939973
2025-12-31,KSE,0.5800796947751374
2025-12-31,QSE,-0.28785907652641995
2025-12-31,TASI,1.0516832532393217
2026-01-01,TASI,0.5565858658835188
2026-01-02,ADX,0.01851347781185453
2026-01-02,DFM,1.1069787652235652
2026-01-04,KSE,-0.7083365356573834
2026-01-04,QSE,0.21231664755372304
2026-01-04,TASI,-1.754179494759911
2026-01-05,ADX,-0.5061748529451515
2026-01-05,DFM,0.2677464869405677
2026-01-05,KSE,-0.03552104064985517
2026-01-05,QSE,1.6921084992208568
2026-01-05,TASI,-0.3746621620741575
2026-01-06,ADX,0.5271531117319261
2026-01-06,DFM,0.8506769680718396
2026-01-06,KSE,0.12102659402950522
2026-01-06,QSE,0.1975763659428198
2026-01-06,TASI,-0.3335567285174701
2026-01-07,ADX,0.514485214677296
2026-01-07,DFM,1.0676873156767686
2026-01-07,KSE,0.2573341286077335
2026-01-07,QSE,0.6574439309749103
2026-01-07,TASI,1.5973533849269472
2026-01-08,ADX,-0.0752401264750624
2026-01-08,DFM,0.07089793374956965
2026-01-08,KSE,-0.207748182995926
2026-01-08,QSE,-0.8357623953171522
2026-01-08,TASI,0.17303355758155892
2026-01-09,ADX,-0.3052706749918088
2026-01-09,DFM,-0.43259783135434215
2026-01-11,KSE,-0.5726556907659219
2026-01-11,QSE,1.0890355100171778
2026-01-11,TASI,1.3036025512853877
2026-01-12,ADX,-0.01878193178164178
2026-01-12,DFM,0.6805430293344017
2026-01-12,KSE,-0.4888366327143512
2026-01-12,QSE,0.6650860914491075
2026-01-12,TASI,1.2789205651950741
2026-01-13,ADX,0.8195656561821085
2026-01-13,DFM,0.8134520977192805
2026-01-13,KSE,0.8605761718540883
2026-01-13,QSE,0.5973523947058634
2026-01-13,TASI,1.3789994578356612
2026-01-14,ADX,-0.5192393079716418
2026-01-14,DFM,-0.9004146313805084
2026-01-14,KSE,-0.1171458433916972
2026-01-14,QSE,-0.16527862572677243
2026-01-14,TASI,0.472941530719706
2026-01-15,ADX,0.19098628425573416
2026-01-15,DFM,-0.007345426790772436
2026-01-15,KSE,-0.6482448415029762
2026-01-15,QSE,-1.2757553743355743
2026-01-15,TASI,-1.158778960223339
2026-01-16,ADX,0.663448860144733
2026-01-16,DFM,0.8655496677634877
2026-01-18,QSE,0.5180951139753365
2026-01-18,TASI,0.8675967931916384
2026-01-19,ADX,0.4666480955739516
2026-01-19,DFM,0.43364617577119624
2026-01-19,KSE,0.7698813848027619
2026-01-19,QSE,0.7164947390244869
2026-01-19,TASI,0.0445401389421729
2026-01-20,ADX,0.2493486062632222
2026-01-20,DFM,0.5005099842047
2026-01-20,KSE,0.129031025807258
2026-01-20,QSE,0.13859642208409184
2026-01-20,TASI,-0.04223031151301404
2026-01-21,ADX,0.09660783886791258
2026-01-21,DFM,0.34602402862380366
2026-01-21,KSE,0.011975096039207322
2026-01-21,QSE,-0.031367478481725275
2026-01-21,TASI,0.3285299514919293
2026-01-22,ADX,0.9721028718237212
2026-01-22,DFM,1.5292309469007836
2026-01-22,KSE,0.1269420114481168
2026-01-22,QSE,1.0688491076903395
2026-01-22,TASI,1.6925014241734315
2026-01-23,ADX,-0.1858335629970842
2026-01-23,DFM,-0.1661234450541449
2026-01-25,KSE,-0.6360219104786013
2026-01-25,QSE,-1.3214688247783268
2026-01-25,TASI,1.2116533836227683
2026-01-26,ADX,-0.2094155323325464
2026-01-26,DFM,-0.5895706388208355
2026-01-26,KSE,-0.9543883117519414
2026-01-26,QSE,1.2091906372738936
2026-01-26,TASI,0.018987475729326242
2026-01-27,ADX,0.887353459538609
2026-01-27,DFM,0.30281641449261265
2026-01-27,KSE,0.90895893931493
2026-01-27,QSE,-0.3260884791374208
2026-01-27,TASI,0.9867247676993207
2026-01-28,ADX,0.3702448309128359
2026-01-28,DFM,0.7481065496399708
2026-01-28,KSE,-0.8116851978542616
2026-01-28,QSE,0.7794318787593291
2026-01-28,TASI,0.6701936272972553
2026-01-29,ADX,-0.2869059473813329
2026-01-29,DFM,-0.4983067343768188
2026-01-29,KSE,-1.9775440722560433
2026-01-29,QSE,-0.5513884186511886
2026-01-29,TASI,-0.6635500736665967
2026-01-30,ADX,-0.7918887129565011
2026-01-30,DFM,-0.7131008070084599
2026-02-01,KSE,1.1133348093038675
2026-02-01,QSE,0.26453488091944255
2026-02-01,TASI,-1.8854163572438742
2026-02-02,ADX,0.5469880643002689
2026-02-02,DFM,2.1444022112889094
2026-02-02,KSE,0.30014568284495446
2026-02-02,QSE,0.5706198349359148
2026-02-02,TASI,1.3755054239853015
2026-02-03,ADX,1.3017024569549118
2026-02-03,DFM,0.6109523989398458
2026-02-03,KSE,1.324945613468187
2026-02-03,QSE,0.13915025307562612
2026-02-03,TASI,0.06562707417090419
2026-02-04,ADX,0.6675534276686657
2026-02-04,DFM,0.7348598023442898
2026-02-04,KSE,-0.6835676064254725
2026-02-04,QSE,-0.31521214052868674
2026-02-04,TASI,0.112547804680041
2026-02-05,ADX,0.0475220251781483
2026-02-05,DFM,0.19423246362670898
2026-02-05,KSE,-0.4902424041959952
2026-02-05,QSE,-0.2592868810148863
2026-02-05,TASI,-1.3449905233272275
2026-02-06,ADX,0.14809210532553685
2026-02-06,DFM,0.23879784992497655
2026-02-08,KSE,0.6938216525452567
2026-02-08,QSE,0.5252972860289029
2026-02-08,TASI,0.252032167545746
2026-02-09,ADX,0.6275613905374344
2026-02-09,DFM,1.2461500523090807
2026-02-09,KSE,-0.20192146926807375
2026-02-09,QSE,0.7621544048083129
2026-02-09,TASI,-0.19149179476448674
2026-02-10,ADX,0.20189286319078903
2026-02-10,DFM,-0.041034014050500556
2026-02-10,KSE,-0.32669209753080075
2026-02-10,TASI,0.16541987744271847
2026-02-11,ADX,0.03135897007378041
2026-02-11,DFM,-1.2601172358066348
2026-02-11,KSE,-0.01066683906002508
2026-02-11,QSE,0.00852372774018395
2026-02-11,TASI,-0.4140344698808862
2026-02-12,ADX,0.3224080644252725
2026-02-12,DFM,0.42370559370170646
2026-02-12,KSE,0.07618444177923678
2026-02-12,QSE,0.1114440660829219
2026-02-12,TASI,0.7545941183107363
2026-02-13,ADX,-0.48715681734191607
2026-02-13,DFM,0.2309862057161105
2026-02-15,KSE,-0.5505438679986985
2026-02-15,QSE,-0.4073460888064706
2026-02-15,TASI,-0.20592243224591966
2026-02-16,ADX,-0.12222088510485118
2026-02-16,DFM,-0.41723092813090723
2026-02-16,KSE,0.2942816463748166
2026-02-16,QSE,-0.36891592501754333
2026-02-16,TASI,-0.3988907080070603
2026-02-17,ADX,0.0018826222669021675
2026-02-17,DFM,-0.2637962009658712
2026-02-17,KSE,0.16991913187949237
2026-02-17,QSE,-0.5600971166393021
2026-02-17,TASI,-0.7670882841628979
2026-02-18,ADX,1.239495165517046
2026-02-18,DFM,1.2075923431958069
2026-02-18,KSE,0.7108547608193794
2026-02-18,QSE,0.2326027821579979
2026-02-18,TASI,0.5171228310938192
2026-02-19,ADX,-1.3626694039065246
2026-02-19,DFM,-2.3263603281668987
2026-02-19,KSE,-1.0621802410504921
2026-02-19,QSE,-1.4045098438895454
2026-02-19,TASI,-1.8663540804475964
2026-02-20,ADX,-0.26346052333910963
2026-02-20,DFM,-0.25969893048400916
2026-02-22,KSE,-0.526841213238205
2026-02-22,QSE,-0.6023629975211775
2026-02-23,ADX,0.5537362310211291
2026-02-23,DFM,1.8261066052686736
2026-02-23,KSE,0.4156808336667872
2026-02-23,QSE,1.0824814502319757
2026-02-23,TASI,0.3362451757290774
2026-02-24,ADX,-0.013910506568026726
2026-02-24,DFM,-0.6209304982495611
2026-02-24,KSE,-0.8599714786593493
2026-02-24,QSE,0.06656302176584195
2026-02-24,TASI,-0.7066531212194138
2026-02-25,ADX,-0.0034781104647829686
2026-02-25,DFM,0.09940907543770638
2026-02-25,QSE,-0.16944485041741064
2026-02-25,TASI,-0.5364784279204282
2026-02-26,ADX,-0.39764645939540655
2026-02-26,DFM,-0.7625946925808536
2026-02-26,QSE,-1.9115221530712323
2026-02-26,TASI,-1.280333702752512
2026-02-27,ADX,-1.3346496414916587
2026-02-27,DFM,-1.832927990697919
2026-03-01,TASI,-2.180309346122533
2026-03-02,KSE,-1.9049189745919737
2026-03-02,QSE,-4.288934353550133
2026-03-02,TASI,0.12753889060790335
2026-03-03,KSE,0.9288125629080657
2026-03-03,QSE,-0.6729968441731127
2026-03-03,TASI,0.7324879185256039
2026-03-04,ADX,-1.9351666558253933
2026-03-04,DFM,-4.709926962404854
2026-03-04,KSE,-0.5461798300675835
2026-03-04,QSE,0.7520594809789394
2026-03-04,TASI,1.201526798851238
2026-03-05,ADX,-2.0165672023239267
2026-03-05,DFM,-1.3309241984016063
2026-03-05,KSE,1.3193171141851368
2026-03-05,QSE,1.0427930469269375
2026-03-05,TASI,0.7821221495387221
2026-03-06,ADX,-1.4085825074540703
2026-03-06,DFM,-3.2297492440361064
2026-03-08,KSE,-0.32690292866048853
2026-03-08,QSE,-0.1094466138998218
2026-03-08,TASI,2.142383425630001
2026-03-09,ADX,-0.41147650898281096
2026-03-09,DFM,-2.7660015086137912
2026-03-09,KSE,-0.524584401961703
2026-03-09,QSE,-2.5956329849825543
2026-03-09,TASI,-1.6031329847805642
2026-03-10,ADX,1.364547518354664
2026-03-10,DFM,1.963657288583831
2026-03-10,KSE,1.3490728850483524
2026-03-10,QSE,2.4982353297502424
2026-03-10,TASI,0.9170138616227286
2026-03-11,ADX,-1.3260726264080147
2026-03-11,DFM,-2.3899989394070786
2026-03-11,KSE,0.5408132026404333
2026-03-11,QSE,-0.8714010442417264
2026-03-11,TASI,0.10933344512300547
2026-03-12,ADX,-2.3219343471923004
2026-03-12,DFM,-3.636536331764073
2026-03-12,KSE,-0.4658440619781712
2026-03-12,QSE,-0.8632640809284164
2026-03-12,TASI,-0.445352769146401
2026-03-13,ADX,-1.613085681490567
2026-03-13,DFM,-1.6636275359612873
2026-03-15,KSE,-0.07566338828274288
2026-03-15,QSE,-0.23784609723701555
2026-03-15,TASI,-0.0609513975579179
2026-03-16,ADX,-0.1874444892163929
2026-03-16,DFM,-2.5354313649657345
2026-03-16,KSE,-0.40780217182164735
2026-03-16,QSE,-1.2205305420131984
2026-03-16,TASI,0.5477351627430682
2026-03-17,ADX,0.990977947385252
2026-03-17,DFM,4.102709395401161
2026-03-17,KSE,-0.5841786054978537
2026-03-17,QSE,0.5803526674770909
2026-03-18,ADX,0.15602534077565622
2026-03-18,DFM,0.8093459551101523
2026-03-18,KSE,-0.496938699156213
2026-03-18,QSE,-0.9730297143637934
2026-03-23,ADX,-1.546643262755898
2026-03-23,DFM,-3.0128461827652053
2026-03-24,ADX,1.0709942247814297
2026-03-24,DFM,1.632538983693177
2026-03-24,KSE,-0.3335368173332909
2026-03-24,QSE,-1.3744442104583698
2026-03-24,TASI,0.028503799992041223
2026-03-25,ADX,2.670323416569187
2026-03-25,DFM,4.14575488760085
2026-03-25,KSE,0.22480338026169555
2026-03-25,QSE,1.3751740988272143
2026-03-25,TASI,1.1923031367283343
2026-03-26,ADX,-1.8014452469048647
2026-03-26,DFM,-3.1567050622092085
2026-03-26,KSE,-0.48446844644608467
2026-03-26,QSE,-1.2629371961334623
2026-03-26,TASI,0.09386702155700366
2026-03-27,ADX,-0.05498791411471249
2026-03-27,DFM,-0.12432197097923536
2026-03-29,KSE,-0.7211180110403781
2026-03-29,QSE,-0.9807791579527381
2026-03-29,TASI,-0.12560221268795857
2026-03-30,ADX,-0.7403486359558231
2026-03-30,DFM,-1.240613710399996
2026-03-30,KSE,0.5356342447332851
2026-03-30,QSE,0.3392404988303177
2026-03-30,TASI,0.8203847524327568
2026-03-31,ADX,-0.051859270316978456
2026-03-31,DFM,-0.15084462720446057
2026-03-31,KSE,0.4164158808711793
2026-03-31,QSE,0.9278045224349718
2026-03-31,TASI,0.7367109748717127
2026-04-01,ADX,1.3536620718339831
2026-04-01,DFM,2.0278134322653907
2026-04-01,KSE,0.836592978701689
2026-04-01,QSE,0.8069975415444297
2026-04-01,TASI,0.23432424792479978
2026-04-02,ADX,-0.6951497038256038
2026-04-02,DFM,-0.6114027967955016
2026-04-02,KSE,-0.1781049762618503
2026-04-02,QSE,-0.4236394858129433
2026-04-02,TASI,-0.06669533902587954
2026-04-03,ADX,0.18690047836504853
2026-04-03,DFM,-0.4634629657521483
2026-04-05,KSE,-0.3964337503515103
2026-04-05,QSE,-0.6531595411391922
2026-04-05,TASI,0.031771204305952594
2026-04-06,ADX,0.2566519626479913
2026-04-06,DFM,-0.6763710272675305
2026-04-06,KSE,1.1403392232407716
2026-04-06,QSE,1.829063497911143
2026-04-06,TASI,-0.08285959141088872
2026-04-07,ADX,-0.30492904555651235
2026-04-07,DFM,-0.8070693220560532
2026-04-07,KSE,-0.3844385576986076
2026-04-07,QSE,-0.5853297315926875
2026-04-07,TASI,-1.554523711582878
2026-04-08,ADX,2.845920732317331
2026-04-08,DFM,6.909015249365935
2026-04-08,KSE,1.7144527421134148
2026-04-08,QSE,3.6620877287001807
2026-04-08,TASI,2.267951231743015
2026-04-09,ADX,-0.3299243180365008
2026-04-09,DFM,-1.4497729473360144
2026-04-09,KSE,-0.4557976729362534
2026-04-09,QSE,-0.19367623968046255
2026-04-09,TASI,0.03677484787019125
2026-04-10,ADX,0.02053603107650126
2026-04-10,DFM,0.382179633314661
2026-04-12,KSE,0.07217191893735819
2026-04-12,QSE,-0.11163557196708362
2026-04-12,TASI,-0.2515196391442598
2026-04-13,ADX,-0.5363682472436904
2026-04-13,DFM,-0.8260107803553907
2026-04-13,KSE,0.8510144500019523
2026-04-13,QSE,-0.04910440552230444
2026-04-13,TASI,0.9910160991782657
2026-04-14,ADX,0.5557133835158101
2026-04-14,DFM,0.9039846762140424
2026-04-14,KSE,0.07882373056693481
2026-04-14,QSE,0.6229836791385335
2026-04-14,TASI,0.5199212253296892
2026-04-15,ADX,0.5316056910569023
2026-04-15,DFM,2.566834513506411
2026-04-15,KSE,0.6892987312175469
2026-04-15,QSE,0.40390637923677364
2026-04-15,TASI,0.8955989083123894
2026-04-16,ADX,0.26111191420405966
2026-04-16,DFM,1.0773330922277724
2026-04-16,KSE,1.5220831719261474
2026-04-16,QSE,-0.17980146768333816
2026-04-16,TASI,-0.3010566060385744
2026-04-17,ADX,0.02823109978282723
2026-04-17,DFM,0.9766422849996736
2026-04-19,KSE,0.08314640284063923
2026-04-19,QSE,0.03341312937283902
2026-04-19,TASI,-0.7756530846785292
2026-04-20,ADX,-0.7985130441268806
2026-04-20,DFM,-2.092888123647374
2026-04-20,KSE,-0.54404621241958
2026-04-20,QSE,-0.4294580154811989
2026-04-20,TASI,-0.8526290631808986
2026-04-21,ADX,0.19701840735157905
2026-04-21,DFM,0.27583754443087916
2026-04-21,KSE,0.18733928580856318
2026-04-21,QSE,0.11768519859662874
2026-04-21,TASI,-0.19205070208917485
2026-04-22,ADX,-0.7639099452292908
2026-04-22,DFM,-1.058983276025749
2026-04-22,KSE,-0.37735093320573343
2026-04-22,QSE,-0.06663884011692822
2026-04-22,TASI,-0.8811824810312174
2026-04-23,ADX,-0.39935498243369727
2026-04-23,DFM,-0.03421234189687761
2026-04-23,KSE,-0.0745922028399959
2026-04-23,QSE,-0.14253805681921916
2026-04-23,TASI,-1.2040953134845767
2026-04-24,ADX,0.43235146254629875
2026-04-24,DFM,0.6905680043481022
2026-04-26,KSE,0.2614264204804151
2026-04-26,QSE,0.052801334526320076
2026-04-26,TASI,0.10774295194950767
2026-04-27,ADX,0.39657405780459953
2026-04-27,DFM,0.28065710680140743
2026-04-27,KSE,-0.16580367788464612
2026-04-27,QSE,-0.24511884074631674
2026-04-27,TASI,0.42215482080407707
2026-04-28,ADX,0.07997834682926808
2026-04-28,DFM,-0.2178645489255837
2026-04-28,KSE,-0.49760243215881683
2026-04-28,QSE,-0.18108137903640742
2026-04-28,TASI,0.10243443579196487
2026-04-29,ADX,0.6681903956272661
2026-04-29,DFM,0.0592318305715267
2026-04-29,KSE,0.2924638725788631
2026-04-29,QSE,-0.10176011121314499
2026-04-29,TASI,0.5198600974090306
2026-04-30,ADX,-1.2370167776965313
2026-04-30,DFM,-1.6250661670641708
2026-04-30,KSE,-0.5511034789798308
2026-04-30,QSE,-1.1676611221921984
2026-04-30,TASI,-0.4485654445496645
2026-05-01,ADX,0.10972761372607387
2026-05-01,DFM,0.013879519389514705
2026-05-03,KSE,0.5681206504928316
2026-05-03,QSE,0.4339253400548859
2026-05-03,TASI,0.046297437600029134
2026-05-04,ADX,0.31962849954390027
2026-05-04,DFM,0.22628991171456114
2026-05-04,KSE,-0.16968535607958524
2026-05-04,QSE,0.2957292151620994
2026-05-04,TASI,-0.9129890342931546
2026-05-05,ADX,-0.3027254454330608
2026-05-05,DFM,-0.8794287250545652
2026-05-05,KSE,-0.26594897601682765
2026-05-05,QSE,-0.567464632234016
2026-05-05,TASI,-0.7545157135238956
2026-05-06,ADX,0.854964482869569
2026-05-06,DFM,2.9559789967997796
2026-05-06,KSE,0.4200531187294132
2026-05-06,QSE,1.3768218043411107
2026-05-06,TASI,-0.5242151252583094
2026-05-07,ADX,0.015899120586215787
2026-05-07,DFM,0.5671044206262854
2026-05-07,KSE,-0.052260505368628696
2026-05-07,QSE,0.6103716224147293
2026-05-07,TASI,0.7493723668049235
2026-05-08,ADX,-0.3704817477747313
2026-05-08,DFM,-0.5000126351384582
2026-05-10,KSE,-0.5046359048764493
2026-05-10,QSE,-0.473668245560821
2026-05-10,TASI,0.7592019606211586
2026-05-11,ADX,-0.5264366741397519
2026-05-11,DFM,-1.3898150014994393
2026-05-11,KSE,-0.5369363607291455
2026-05-11,QSE,-0.3024335349556928
2026-05-11,TASI,0.3902800326867961
2026-05-12,ADX,-0.9053999105021138
2026-05-12,DFM,-0.6407035301072006
2026-05-12,KSE,-0.6226803549170712
2026-05-12,QSE,-1.0095717813051075
2026-05-12,TASI,-1.0684252549695405
2026-05-13,ADX,0.059591806435932426
2026-05-13,DFM,-0.410178986455223
2026-05-13,KSE,0.11787505675364685
2026-05-13,QSE,-0.48679104826711006
2026-05-13,TASI,-0.17356463387552257
2026-05-14,ADX,-0.005873200688299995
2026-05-14,DFM,-0.4130803642379055
2026-05-14,KSE,-0.0515971415829819
2026-05-14,QSE,0.19650251476928116
2026-05-14,TASI,-0.2235003891036924
2026-05-15,ADX,-0.2762627350320068
2026-05-15,DFM,-0.4637896785180673
2026-05-17,KSE,-0.8998056833576351
2026-05-17,QSE,-0.08671844366524573
2026-05-17,TASI,-0.25010367024498326
2026-05-18,ADX,-1.2022459835580923
2026-05-18,DFM,-1.7376690549528617
2026-05-18,KSE,-0.3684539073732229
2026-05-18,QSE,-1.0689477666706027
2026-05-18,TASI,-0.10795828175725886
2026-05-19,ADX,0.9127353088521639
2026-05-19,DFM,0.9326865659695205
2026-05-19,KSE,-0.280637027496089
2026-05-19,QSE,0.4452396504175615
2026-05-19,TASI,0.2391380231702378
2026-05-20,ADX,-0.5210060692491192
2026-05-20,DFM,-0.6179851395818559
2026-05-20,KSE,-0.052541762491520316
2026-05-20,QSE,-0.6294714493331632
2026-05-20,TASI,0.02968230752542489
2026-05-21,ADX,0.39913026899358606
2026-05-21,DFM,0.6003241352598776
2026-05-21,KSE,0.6274374944555516
2026-05-21,QSE,0.26070686370305296
2026-05-21,TASI,0.38214166167738206
2026-05-22,ADX,0.22331342329515724
2026-05-22,DFM,0.5675968930924924
2026-05-24,KSE,2.0154373927958824
2026-05-24,QSE,3.150477397668805
2026-05-25,ADX,0.4526723406017563
2026-05-25,DFM,1.1358202485172608
2026-05-25,KSE,-0.7358165675549366
2026-05-25,QSE,-1.0754069680591116
2026-05-31,QSE,-0.3455543978622466
2026-05-31,TASI,0.45676732979431645
2026-06-01,ADX,-0.5296889687814277
2026-06-01,DFM,0.3025611899650782
2026-06-01,KSE,-0.7825422466410825
2026-06-01,QSE,-1.0999530078749653
2026-06-01,TASI,-0.6173610253674022
2026-06-02,ADX,-0.3040247530446516
2026-06-02,DFM,-0.7376768556629054
2026-06-02,KSE,0.025131398215672007
2026-06-02,QSE,-0.30089682969608456
2026-06-02,TASI,0.054773507599503723
2026-06-03,ADX,-0.40608282343451707
2026-06-03,DFM,-0.8005443120752243
2026-06-03,KSE,-0.40070176958565407
2026-06-03,QSE,-0.1432646778362523
2026-06-03,TASI,-0.12264299327120476
2026-06-04,ADX,0.02974289614405823
2026-06-04,DFM,0.5636209642420731
2026-06-04,KSE,0.295755045233137
2026-06-04,QSE,-0.5453873643979312
2026-06-04,TASI,-0.10534228197680573
